"customer_id","recency_min","orders_count","total_profit"
1070,0,"4","3559.49"
3216,0,"4","1236.19"
17,0,"5","2015.61"
1854,0,"3","2135.67"
2421,0,"6","409.80"
1721,0,"7","3766.35"
2659,0,"12","8143.93"
362,0,"5","1473.04"
933,0,"5","2817.63"
3169,0,"7","4539.95"
1594,0,"5","2617.75"
3123,0,"4","1248.49"
256,0,"5","1728.66"
1506,0,"10","6435.10"
3016,0,"5","4253.50"
1787,0,"6","4865.49"
3355,0,"5","2464.61"
1425,0,"4","3145.00"
2372,0,"8","2940.03"
1972,0,"4","2792.56"
2713,0,"3","942.69"
1407,0,"9","3796.53"
2865,0,"7","5283.91"
993,0,"9","2738.89"
86,0,"9","2360.09"
675,0,"3","1396.62"
2396,0,"5","2700.55"
2878,0,"3","784.91"
1985,0,"7","2665.30"
1000,0,"9","5383.48"
1328,0,"7","5351.58"
447,0,"6","2781.88"
2434,0,"9","6874.53"
2055,0,"9","5563.63"
3283,0,"7","5058.90"
3130,0,"5","3792.78"
934,0,"8","4899.60"
543,0,"5","1924.15"
3433,0,"10","5925.74"
1453,0,"5","3265.75"
195,0,"7","9633.41"
1052,0,"6","3260.32"
151,0,"7","5665.41"
3293,0,"5","3649.71"
1970,0,"8","3660.48"
2345,0,"5","4719.95"
3468,1,"7","1770.36"
2029,1,"9","4156.31"
703,1,"5","4928.80"
739,1,"10","4842.20"
1906,1,"6","2957.85"
1530,1,"10","7390.75"
2689,1,"5","1614.96"
239,1,"9","5928.23"
2561,1,"4","4283.02"
886,1,"7","4067.65"
2922,1,"4","2947.71"
2054,1,"4","3000.70"
1393,1,"3","798.90"
964,1,"5","2018.60"
2152,1,"9","4281.08"
2929,1,"8","5308.78"
1794,1,"5","1788.93"
2082,1,"7","2903.17"
1538,1,"4","222.78"
729,1,"10","10497.78"
633,1,"7","3328.45"
1629,1,"7","6051.87"
3315,1,"7","4892.17"
3231,1,"6","2994.40"
2365,1,"5","2411.63"
793,1,"10","4778.33"
2369,1,"8","6854.59"
593,1,"6","3493.80"
1991,1,"10","8256.08"
76,1,"8","2868.16"
322,1,"12","10341.57"
224,1,"5","2461.79"
3427,1,"8","3921.00"
1120,1,"6","1785.83"
2236,1,"3","2123.71"
856,1,"7","2912.65"
1478,1,"8","3669.90"
2693,1,"6","2772.31"
106,1,"3","2513.69"
1607,1,"5","1681.02"
3262,1,"10","4290.81"
1390,1,"9","3474.54"
3374,1,"4","5034.57"
2130,1,"8","4253.77"
1470,1,"8","3961.40"
884,1,"5","2770.85"
2908,1,"6","2066.49"
2555,1,"5","5495.54"
1867,2,"8","3914.70"
2120,2,"8","4543.18"
1062,2,"6","4450.85"
1706,2,"8","4666.64"
673,2,"5","2058.70"
1748,2,"10","4973.95"
2961,2,"6","6234.87"
621,2,"9","6126.81"
1983,2,"4","3061.80"
1758,2,"7","1764.85"
1691,2,"8","3832.92"
1297,2,"6","2424.53"
99,2,"9","4557.65"
2168,2,"3","1863.53"
124,2,"7","4054.25"
2195,2,"6","4144.05"
1764,2,"4","1154.06"
1822,2,"5","848.74"
2611,2,"7","2609.86"
381,2,"8","4534.24"
3054,2,"5","3330.78"
3470,2,"8","7228.80"
1115,2,"9","4631.23"
1452,2,"5","3431.62"
1893,2,"7","3637.17"
533,2,"6","5387.05"
772,2,"5","2879.19"
577,2,"11","4242.34"
2709,2,"4","2039.87"
962,2,"7","2344.00"
1623,2,"6","3362.55"
3031,2,"5","2910.87"
2109,2,"8","5263.13"
56,2,"7","1275.24"
1264,2,"4","2699.71"
1158,2,"6","4437.32"
2780,2,"5","3092.12"
2112,2,"4","3696.43"
1994,2,"6","3922.29"
1584,2,"2","1323.66"
1545,2,"7","2637.47"
1480,2,"9","2258.70"
2479,2,"6","1732.26"
3239,2,"6","1768.67"
3393,2,"5","2095.77"
2418,2,"7","5457.09"
2464,2,"13","7817.10"
843,2,"6","2372.09"
235,2,"11","4685.82"
946,2,"8","6305.60"
2705,2,"9","6879.61"
605,2,"8","5025.64"
3452,2,"2","1820.57"
3290,2,"8","6520.13"
215,3,"8","3889.39"
189,3,"5","5329.98"
1549,3,"7","2924.48"
1358,3,"8","4113.04"
1703,3,"4","761.47"
1934,3,"6","2439.94"
478,3,"9","3320.21"
2805,3,"5","4721.49"
1413,3,"6","3277.86"
2358,3,"11","3682.73"
1999,3,"7","2424.34"
1304,3,"6","2321.06"
1872,3,"6","2620.74"
2653,3,"9","7365.48"
2751,3,"8","3819.81"
3227,3,"6","3386.57"
2304,3,"7","4121.78"
2106,3,"4","3249.41"
611,3,"8","3500.44"
276,3,"6","1107.95"
3147,3,"6","1273.08"
1495,3,"2","575.15"
64,3,"5","546.68"
1624,3,"6","1627.22"
1571,3,"4","4968.78"
1795,3,"6","2882.84"
3088,3,"7","2487.23"
2786,3,"6","2718.29"
2254,3,"5","2318.89"
2548,3,"12","5981.75"
140,3,"6","2699.90"
1342,3,"5","3822.20"
1532,3,"6","2827.66"
2379,3,"11","8252.73"
3335,3,"7","3582.69"
1829,3,"3","1805.92"
3197,3,"5","2762.32"
2427,3,"6","4388.13"
820,3,"10","4534.03"
613,3,"6","2098.59"
3007,3,"7","4500.30"
932,3,"6","2121.73"
2079,3,"3","2692.83"
725,3,"11","7321.50"
2731,3,"4","1513.52"
3475,3,"4","2515.14"
1134,3,"6","1622.98"
1091,4,"10","4183.81"
3156,4,"3","311.61"
789,4,"8","2892.76"
2070,4,"9","6433.75"
3044,4,"9","5793.33"
3338,4,"4","1912.53"
2773,4,"4","2293.13"
3494,4,"4","2755.11"
1722,4,"9","8086.75"
1485,4,"2","526.79"
3363,4,"6","1800.72"
1068,4,"14","4841.71"
1084,4,"10","6522.83"
1709,4,"5","2059.00"
2330,4,"3","1203.34"
826,4,"4","1454.61"
70,4,"5","2736.90"
350,4,"6","1008.71"
81,4,"4","3249.02"
1143,4,"5","3277.77"
2695,4,"9","8243.81"
908,4,"7","2880.10"
1253,4,"4","1948.45"
328,4,"8","2357.80"
1668,4,"6","2901.97"
2958,4,"7","1892.12"
3048,4,"13","8379.96"
1767,4,"5","3152.29"
2075,4,"4","2302.54"
3356,4,"5","2799.70"
2485,4,"6","1698.99"
89,4,"9","5779.65"
538,4,"6","5619.99"
217,4,"8","2335.69"
1219,4,"3","2015.72"
3275,4,"4","1581.05"
1329,4,"10","6968.55"
1232,4,"9","5011.90"
1885,4,"9","6979.28"
3446,4,"2","308.78"
142,4,"11","3917.34"
52,4,"6","5417.83"
2458,4,"7","7756.79"
465,4,"6","3488.79"
3013,4,"9","3849.19"
1014,4,"7","3933.79"
721,4,"7","6579.62"
2730,4,"7","1604.23"
3080,4,"9","4665.71"
1182,5,"7","4046.13"
1077,5,"6","1658.45"
2032,5,"2","978.76"
2053,5,"6","4941.18"
3467,5,"6","5135.00"
768,5,"9","5580.57"
3332,5,"6","2799.26"
2531,5,"7","3162.37"
1054,5,"8","3406.16"
2301,5,"6","5945.24"
1454,5,"4","1428.06"
3065,5,"5","1367.38"
1926,5,"5","4911.09"
3119,5,"4","2330.39"
2737,5,"9","5371.57"
2005,5,"6","4047.83"
2794,5,"7","6417.06"
1137,5,"9","4837.19"
1617,5,"5","2977.19"
2340,5,"9","4585.40"
652,5,"9","2488.90"
1925,5,"7","2584.56"
3472,5,"6","2779.58"
1504,5,"5","713.22"
1315,5,"8","2216.97"
2009,5,"7","2357.35"
117,5,"10","6917.34"
2607,5,"8","1943.51"
2044,5,"5","3977.45"
1240,5,"4","3015.05"
1540,5,"6","3641.91"
1500,5,"5","3488.45"
2060,5,"11","5875.14"
2606,5,"10","4718.43"
1941,5,"4","3130.19"
1944,5,"5","1345.75"
2597,5,"6","4017.66"
3420,5,"11","6808.18"
1701,5,"5","1420.68"
25,5,"12","5333.66"
1471,5,"5","4685.84"
3008,5,"6","3216.01"
1331,5,"10","6252.43"
62,5,"6","4920.88"
1184,5,"6","4314.89"
979,5,"5","3756.91"
2676,5,"6","2943.88"
3419,5,"3","2591.33"
2585,5,"7","3498.11"
3253,5,"3","4031.65"
1745,5,"12","3164.47"
1713,6,"7","3889.18"
1159,6,"4","2352.28"
1190,6,"6","2008.23"
974,6,"6","3250.13"
2729,6,"6","5280.35"
2050,6,"4","2099.40"
2856,6,"7","5583.33"
2935,6,"7","2017.18"
1886,6,"4","2434.76"
1327,6,"5","2848.50"
1299,6,"7","5957.78"
2306,6,"4","2513.78"
1950,6,"9","3817.14"
534,6,"8","4809.95"
3257,6,"3","2064.46"
2748,6,"4","2059.83"
2523,6,"10","5877.28"
2808,6,"5","5190.91"
545,6,"6","5665.79"
1792,6,"9","4887.29"
796,6,"7","3815.93"
1993,6,"9","2849.22"
377,6,"12","4276.97"
668,6,"7","4375.98"
1438,6,"11","6559.71"
2448,6,"6","2580.59"
1965,6,"5","2093.67"
1810,6,"2","168.45"
410,6,"7","2177.93"
559,6,"4","1824.48"
2976,6,"4","3521.63"
1140,6,"13","8533.23"
951,6,"6","1740.61"
2111,6,"9","4790.82"
21,6,"5","4229.41"
236,6,"4","2434.64"
2954,6,"6","2388.19"
3337,6,"8","4608.00"
1445,6,"6","3423.12"
3191,7,"8","5673.64"
285,7,"6","2626.74"
3386,7,"5","2633.50"
200,7,"9","7283.86"
1404,7,"10","5426.70"
1203,7,"1","830.24"
2618,7,"10","3007.93"
2728,7,"8","4054.59"
1265,7,"4","1195.61"
498,7,"7","4982.41"
576,7,"6","4580.35"
2498,7,"8","3423.20"
2937,7,"7","6294.38"
270,7,"7","4625.21"
694,7,"5","2400.83"
3203,7,"3","1744.21"
1318,7,"7","3500.74"
2761,7,"9","5082.02"
835,7,"8","3225.92"
53,7,"5","2950.07"
2536,7,"6","4622.41"
885,7,"3","863.68"
681,7,"6","2244.19"
1313,7,"7","4753.51"
1179,7,"4","5068.44"
1116,7,"3","4053.92"
3241,7,"7","3770.63"
1121,7,"2","327.07"
2850,7,"8","5043.07"
132,7,"6","2780.72"
1,7,"11","3018.09"
1333,7,"3","1924.18"
1216,7,"3","2141.64"
2632,7,"4","4100.59"
2492,7,"10","8437.43"
3251,7,"11","6264.88"
37,7,"9","6338.49"
1895,7,"5","541.13"
1602,7,"4","2997.36"
1197,7,"4","1559.13"
637,7,"13","5402.47"
2377,7,"5","4707.55"
2122,8,"2","843.72"
687,8,"6","812.72"
2860,8,"9","8357.70"
1519,8,"11","3819.53"
1028,8,"7","7562.68"
1098,8,"8","3879.14"
2905,8,"4","689.79"
1355,8,"5","2713.72"
155,8,"3","1088.42"
359,8,"10","2921.76"
2183,8,"14","6513.30"
185,8,"7","3547.68"
1456,8,"4","874.93"
973,8,"8","6639.85"
1148,8,"3","1689.75"
2098,8,"6","2293.67"
2816,8,"10","5878.47"
3225,8,"7","4805.02"
109,8,"10","4430.66"
296,8,"3","2515.29"
310,8,"7","4744.19"
2329,8,"5","2276.90"
2661,8,"5","3638.75"
2746,8,"3","2316.34"
669,8,"11","5513.28"
298,8,"10","5285.59"
2714,8,"5","1252.46"
260,8,"9","3381.41"
3217,8,"11","5564.08"
2710,8,"4","977.41"
344,8,"9","8101.26"
165,8,"9","6182.52"
639,8,"6","2516.35"
1873,8,"4","2807.58"
854,8,"4","2074.13"
2072,8,"13","4136.84"
1515,8,"7","2314.60"
297,8,"4","3599.18"
2796,8,"7","3816.43"
360,8,"5","5070.23"
1610,8,"5","3556.15"
2389,8,"3","1030.19"
1558,8,"9","10640.30"
2425,8,"9","3921.82"
101,8,"4","2589.89"
3232,8,"13","8903.62"
122,8,"5","2695.22"
1625,9,"8","8499.59"
1522,9,"6","2962.76"
3210,9,"5","2023.69"
3455,9,"6","1766.48"
1396,9,"10","7075.58"
3486,9,"4","2972.34"
1781,9,"4","1589.86"
309,9,"4","2208.58"
824,9,"4","4137.78"
3395,9,"7","2586.85"
2452,9,"4","1147.86"
1221,9,"7","1500.49"
2778,9,"5","3348.47"
851,9,"4","3245.12"
3286,9,"10","5314.97"
1963,9,"2","1828.47"
2993,9,"7","4095.63"
2992,9,"8","6871.54"
1252,9,"7","4548.31"
1763,9,"7","3434.38"
2977,9,"5","1936.24"
318,9,"7","3632.18"
556,9,"5","3985.03"
407,9,"9","4096.06"
3209,9,"4","1732.03"
2851,9,"7","4041.18"
1565,9,"2","1182.38"
470,9,"7","1890.57"
2063,9,"5","1823.00"
476,9,"4","1353.61"
2942,9,"7","3126.29"
2088,9,"6","2927.15"
3125,9,"4","1702.43"
2319,9,"4","4564.90"
91,9,"8","5242.41"
371,9,"5","5004.52"
2530,9,"7","2746.93"
1076,9,"12","8104.54"
281,9,"4","2233.67"
464,9,"6","2102.99"
1185,9,"3","773.81"
786,9,"7","3828.74"
1012,9,"4","2704.39"
2621,9,"7","3235.99"
3181,9,"6","5001.00"
2428,10,"9","6462.95"
1446,10,"7","4495.52"
1687,10,"4","2185.27"
517,10,"6","2632.16"
742,10,"6","1246.11"
2623,10,"5","4136.08"
3105,10,"6","4916.08"
338,10,"7","2343.71"
1833,10,"5","2441.37"
3193,10,"6","2362.31"
1341,10,"4","1213.75"
3487,10,"3","1837.75"
2378,10,"5","2777.48"
2276,10,"4","2304.77"
1905,10,"9","4833.73"
3157,10,"8","4886.13"
3074,10,"7","4781.58"
1123,10,"5","4235.80"
2136,10,"4","3917.47"
704,10,"10","4034.46"
3344,10,"7","3962.06"
1303,10,"6","4352.37"
1650,10,"5","1860.19"
1953,10,"7","3899.78"
693,10,"5","3763.92"
589,10,"3","1397.90"
1165,10,"9","3286.35"
640,10,"8","4278.60"
2995,10,"5","3066.68"
2719,10,"3","1101.08"
1317,10,"9","7024.71"
825,10,"8","2315.97"
1217,10,"7","3270.61"
1326,10,"6","3581.00"
2967,10,"3","2466.28"
1167,10,"4","2641.93"
293,10,"5","1991.93"
2859,10,"8","4153.82"
262,10,"5","2117.86"
1408,10,"3","2731.09"
3448,10,"5","2616.80"
2575,10,"5","2118.00"
656,10,"8","3749.56"
108,10,"3","2557.42"
2081,11,"5","2531.96"
440,11,"8","2481.19"
1638,11,"4","4046.88"
2708,11,"3","1879.32"
1104,11,"7","2568.97"
3043,11,"4","2535.47"
953,11,"9","5191.52"
174,11,"10","7628.24"
172,11,"7","2348.66"
2520,11,"5","2283.55"
2550,11,"5","3128.27"
3133,11,"6","2323.16"
1589,11,"6","6738.66"
2042,11,"3","2006.18"
203,11,"5","1481.12"
2465,11,"9","4384.09"
2149,11,"8","3416.22"
180,11,"7","4065.35"
697,11,"4","3996.60"
30,11,"3","2633.95"
3152,11,"6","2168.41"
3139,11,"3","1783.80"
2826,11,"12","6755.16"
126,11,"3","1096.46"
2779,11,"5","3277.58"
511,11,"4","1152.63"
3112,11,"8","3035.96"
1081,11,"5","3227.89"
351,11,"2","1438.62"
2969,11,"6","2998.03"
234,11,"9","5763.13"
1815,11,"5","1964.08"
719,11,"7","4083.58"
858,11,"6","2708.60"
705,11,"4","502.12"
2641,11,"7","2661.43"
990,11,"7","2353.49"
2376,11,"4","2137.94"
736,11,"6","4151.86"
1289,11,"6","3940.48"
316,11,"4","2158.71"
745,11,"4","2066.03"
1860,11,"5","3765.78"
2822,11,"9","5473.67"
3183,11,"8","2059.05"
3042,11,"6","1629.25"
100,11,"2","877.40"
364,11,"6","3329.97"
3202,11,"8","4083.36"
649,11,"5","263.54"
1367,11,"7","2760.28"
995,11,"7","6764.67"
831,11,"5","1883.59"
928,11,"8","2798.72"
564,11,"6","2143.39"
2033,11,"7","4458.72"
320,12,"10","7204.66"
1359,12,"2","1550.82"
1460,12,"8","10787.60"
2752,12,"4","3250.72"
3142,12,"4","900.00"
900,12,"4","780.70"
2823,12,"4","1636.08"
1824,12,"7","3263.70"
1357,12,"10","5689.86"
1378,12,"6","4881.55"
2191,12,"4","2754.22"
2470,12,"4","2823.58"
346,12,"9","6420.70"
1914,12,"8","2248.17"
2505,12,"9","3340.35"
3375,12,"8","4285.94"
2391,12,"9","4852.43"
1108,12,"4","1338.61"
1306,12,"6","5486.10"
1161,12,"4","2669.74"
116,12,"8","2447.54"
829,12,"6","4600.24"
1608,12,"3","1206.35"
529,12,"6","2339.14"
2108,12,"3","2077.30"
925,12,"9","4371.16"
1301,12,"8","2178.71"
2775,12,"6","1922.19"
321,12,"5","2006.18"
660,12,"4","3839.45"
2892,12,"5","4015.02"
2698,12,"7","3987.65"
2914,12,"12","6835.96"
3402,12,"9","6036.19"
2443,12,"6","3040.06"
689,12,"3","541.33"
1577,12,"7","3677.00"
891,12,"4","1998.58"
3256,12,"10","7287.87"
1751,12,"4","1714.84"
1760,12,"6","3666.94"
2386,12,"7","5453.86"
3118,12,"9","6243.82"
716,12,"6","3777.53"
245,12,"5","2213.02"
398,12,"7","938.50"
2325,12,"6","3013.77"
2559,12,"7","2385.42"
926,12,"5","1258.52"
2017,12,"6","4721.62"
1035,13,"3","485.46"
442,13,"7","2789.25"
143,13,"4","2474.77"
2814,13,"4","3232.82"
1145,13,"2","1172.58"
955,13,"7","1429.36"
2836,13,"10","4664.40"
2848,13,"4","3121.17"
2022,13,"5","3955.17"
1564,13,"3","493.17"
1648,13,"4","2124.93"
1467,13,"7","1825.83"
2308,13,"9","5077.97"
2471,13,"5","2490.66"
3199,13,"8","6329.52"
1830,13,"7","4578.90"
3495,13,"7","3847.65"
312,13,"6","5001.71"
1207,13,"7","1126.07"
1770,13,"7","4366.04"
2023,13,"10","5132.78"
1492,13,"7","4645.84"
1088,13,"6","3595.32"
1086,13,"9","4705.65"
368,13,"9","3939.73"
409,13,"4","2267.84"
1996,13,"7","2525.43"
1798,13,"7","2934.76"
1600,13,"9","2924.43"
776,13,"9","2201.86"
2949,13,"3","952.90"
2012,13,"5","2714.30"
2125,13,"6","1710.28"
374,13,"6","5271.75"
1802,13,"8","5035.80"
1663,13,"6","2991.52"
2038,13,"4","3207.17"
966,13,"4","527.74"
2923,13,"7","3149.25"
572,13,"6","2600.44"
2128,13,"2","1596.30"
182,13,"7","5409.12"
515,14,"9","6986.24"
2374,14,"7","5300.04"
419,14,"7","5027.37"
1033,14,"9","8220.05"
3163,14,"6","1496.78"
167,14,"9","5993.34"
1233,14,"9","6634.14"
2884,14,"7","3913.44"
2027,14,"7","3237.25"
2573,14,"4","2007.83"
2502,14,"5","2014.63"
1274,14,"10","3573.50"
902,14,"9","6003.05"
2535,14,"6","3065.02"
2791,14,"7","6578.15"
1702,14,"6","2185.44"
2747,14,"8","6371.15"
218,14,"4","1476.17"
2862,14,"5","1870.13"
2947,14,"6","4595.07"
2476,14,"14","7493.23"
2114,14,"6","2997.56"
2282,14,"6","3131.51"
1087,14,"3","1521.57"
985,14,"4","1690.91"
115,14,"8","3135.87"
505,14,"5","3369.47"
134,14,"6","2946.42"
2990,14,"7","2584.69"
1353,14,"9","3363.87"
730,14,"7","3182.99"
717,14,"6","1857.27"
2103,14,"10","6752.63"
110,14,"7","2621.55"
485,14,"6","2715.28"
2879,14,"8","5572.11"
3154,14,"7","2243.10"
3445,14,"6","3864.46"
550,14,"5","1437.72"
1166,14,"6","2539.71"
945,14,"7","3812.27"
279,14,"6","2455.93"
405,14,"6","3338.34"
2831,14,"5","3975.17"
1095,14,"4","4498.34"
1484,14,"5","1455.39"
40,14,"6","4552.10"
790,14,"8","4889.11"
481,14,"2","1617.21"
187,14,"7","3014.88"
2556,14,"2","419.68"
363,14,"6","9458.17"
1449,14,"6","4565.33"
2603,14,"7","4657.99"
2838,15,"3","1554.34"
173,15,"9","6549.51"
357,15,"8","4455.49"
307,15,"8","3465.61"
2013,15,"9","5979.35"
3300,15,"6","3936.44"
3096,15,"3","2717.10"
2651,15,"7","6073.49"
1346,15,"9","6736.53"
2817,15,"3","1616.56"
188,15,"6","2658.87"
199,15,"4","2650.53"
2846,15,"4","986.71"
2994,15,"3","179.84"
2310,15,"6","4022.41"
3084,15,"6","3082.90"
2083,15,"9","4106.38"
2980,15,"6","2573.04"
2213,15,"5","4212.47"
3451,15,"9","4489.09"
1705,15,"4","2109.79"
220,15,"6","4304.11"
2633,15,"9","3696.87"
1308,15,"5","4757.96"
1923,15,"4","3078.62"
683,15,"5","1478.67"
1428,15,"10","5508.80"
937,15,"5","2680.15"
723,15,"8","3489.96"
2251,15,"7","2338.45"
2672,15,"8","2415.16"
433,15,"8","3244.19"
1319,16,"3","1579.83"
2841,16,"7","6522.28"
631,16,"6","1767.39"
3307,16,"5","4311.99"
1942,16,"8","4675.19"
1074,16,"8","4053.68"
2622,16,"7","3800.03"
3082,16,"5","1742.13"
695,16,"8","4659.00"
766,16,"6","2271.93"
1578,16,"7","6165.10"
903,16,"9","3401.85"
1507,16,"4","3468.47"
520,16,"5","819.26"
1903,16,"4","4098.86"
2683,16,"6","4760.68"
1399,16,"4","2234.62"
1511,16,"8","3037.58"
3282,16,"4","2504.28"
3077,16,"7","3672.15"
2092,16,"5","3651.03"
876,16,"3","1171.02"
906,16,"9","4473.87"
3158,16,"6","2532.40"
327,16,"5","3498.63"
216,16,"4","2152.05"
918,16,"5","4066.24"
2436,16,"4","1700.17"
2318,16,"7","3627.48"
1655,16,"3","1337.55"
1105,16,"2","2712.57"
2712,16,"6","4116.13"
1684,16,"6","1507.30"
817,16,"5","2328.93"
2732,16,"10","2833.91"
1291,16,"7","5147.26"
625,16,"6","2326.08"
3129,16,"5","3590.37"
2762,16,"8","8019.98"
5,16,"6","2394.94"
3480,16,"4","1770.26"
156,16,"5","3095.37"
2840,16,"4","811.67"
2680,16,"8","3542.31"
2833,16,"6","2638.92"
1586,16,"6","4154.02"
1690,16,"9","2570.54"
2057,16,"6","5006.98"
3464,17,"1","299.27"
832,17,"12","8868.62"
313,17,"6","3186.63"
1707,17,"8","3463.54"
1910,17,"3","907.45"
2102,17,"7","3934.99"
2987,17,"5","2846.67"
969,17,"5","2793.05"
3110,17,"3","1429.54"
1110,17,"6","4574.10"
2300,17,"4","2812.11"
1487,17,"2","400.47"
1969,17,"6","2623.56"
2412,17,"6","3903.57"
1153,17,"5","2501.78"
877,17,"9","4918.87"
1723,17,"5","2965.28"
24,17,"7","3689.35"
1133,17,"7","5295.09"
2839,17,"8","2693.04"
2445,17,"5","2205.80"
2260,17,"6","5378.60"
2566,17,"10","3154.78"
2608,17,"7","1553.46"
3258,17,"8","4821.90"
1242,17,"3","1100.82"
2451,17,"3","1602.82"
253,17,"4","1116.15"
2182,17,"8","4766.82"
408,17,"5","3082.28"
792,17,"6","3295.65"
2864,17,"4","3023.00"
2241,17,"4","1454.39"
3131,17,"8","2725.76"
634,17,"8","4445.37"
1008,17,"4","2523.53"
2204,17,"8","3346.58"
1633,17,"3","2548.92"
460,17,"4","2017.66"
3488,17,"2","815.95"
1144,17,"7","5961.25"
1073,17,"6","2723.99"
2687,17,"7","3107.24"
1079,17,"4","2306.99"
233,17,"6","2187.09"
523,18,"6","2795.77"
2132,18,"8","6401.83"
1461,18,"7","5805.92"
404,18,"9","4965.70"
1188,18,"2","2299.82"
202,18,"3","1295.91"
3252,18,"7","2574.50"
1505,18,"5","4263.17"
3425,18,"6","3350.14"
834,18,"4","722.30"
87,18,"9","3740.76"
149,18,"5","2129.34"
1681,18,"5","2930.55"
859,18,"6","2289.06"
3390,18,"5","3952.89"
614,18,"9","6120.46"
785,18,"5","507.87"
429,18,"7","2356.83"
1813,18,"6","2137.45"
1759,18,"6","2828.17"
1078,18,"5","899.97"
1761,18,"5","3258.95"
3407,18,"8","3669.36"
1494,18,"10","5221.26"
1196,18,"6","1455.38"
795,18,"5","2785.98"
2533,18,"3","1710.62"
2439,18,"6","2615.46"
171,18,"8","4833.14"
2159,18,"5","1797.70"
3329,18,"4","2083.26"
3185,18,"7","1939.76"
258,18,"5","1642.58"
2880,18,"8","4772.56"
1414,18,"2","630.21"
2488,18,"6","2774.48"
651,18,"3","3473.32"
221,18,"6","3865.68"
2100,18,"5","2399.56"
2501,18,"7","1813.87"
3186,19,"5","4279.33"
2331,19,"7","3707.24"
667,19,"5","3802.78"
553,19,"6","2566.27"
1431,19,"4","955.44"
516,19,"10","4722.21"
1719,19,"5","2228.30"
769,19,"8","5070.24"
588,19,"5","3603.85"
3014,19,"9","4656.84"
2703,19,"7","3679.59"
2366,19,"5","2554.42"
2955,19,"8","4306.13"
1195,19,"5","3463.81"
1229,19,"9","3005.63"
2741,19,"2","1246.79"
1599,19,"11","4855.50"
2076,19,"8","5576.17"
3391,19,"5","2201.58"
2702,19,"8","7613.27"
3018,19,"5","1798.21"
2031,19,"4","1998.35"
3056,19,"4","1246.69"
1126,19,"4","2135.37"
3394,19,"5","4073.20"
1957,19,"10","5079.91"
1440,19,"6","6362.47"
2932,19,"10","5823.71"
484,19,"4","1600.54"
3382,19,"10","4222.77"
2466,19,"5","1576.82"
2546,19,"4","974.54"
2763,19,"9","2910.20"
1601,19,"4","2317.27"
345,19,"7","3971.46"
1388,19,"6","3792.12"
636,19,"7","4418.90"
3295,19,"8","5246.61"
2586,19,"3","1145.04"
1694,19,"7","4611.39"
2155,19,"12","4940.24"
2215,19,"2","327.23"
3285,19,"5","2354.97"
2400,19,"8","5205.75"
314,20,"8","3200.15"
3302,20,"5","2658.49"
1730,20,"3","418.04"
1111,20,"7","2561.15"
752,20,"8","2952.01"
2101,20,"9","5630.14"
3143,20,"11","3361.84"
3120,20,"7","4179.11"
2871,20,"6","2345.94"
617,20,"4","2313.43"
2095,20,"10","6194.30"
3303,20,"5","2547.01"
2541,20,"2","1918.88"
1007,20,"7","3601.96"
1041,20,"4","2292.51"
2071,20,"7","3588.04"
58,20,"8","3501.37"
3379,20,"6","5599.08"
3226,20,"4","366.05"
3316,20,"2","1924.03"
1481,20,"8","2551.05"
3100,20,"4","3919.57"
682,20,"7","5428.94"
69,20,"6","5294.75"
720,20,"10","7212.17"
2370,20,"3","1902.53"
136,20,"8","3543.20"
2481,20,"7","3836.24"
2137,20,"4","1433.80"
1310,20,"5","2289.27"
461,20,"8","5722.38"
1493,20,"10","6117.05"
2843,20,"6","4117.49"
1554,20,"7","5636.08"
1343,20,"3","1317.16"
2614,20,"4","3002.51"
222,20,"2","1428.06"
1300,20,"6","6148.62"
2919,21,"6","3489.33"
2467,21,"5","1961.79"
1344,21,"3","628.57"
277,21,"4","1967.13"
432,21,"8","5110.17"
2401,21,"8","5804.28"
1102,21,"8","5025.44"
1738,21,"4","1841.07"
1930,21,"5","2428.87"
2383,21,"9","5876.07"
696,21,"6","1879.14"
3244,21,"4","1007.13"
1845,21,"7","4572.89"
324,21,"5","1779.70"
3462,21,"5","4416.71"
3201,21,"7","5655.87"
1858,21,"8","5387.47"
2218,21,"3","2743.56"
2229,21,"4","2114.24"
2996,21,"3","1751.72"
797,21,"4","2277.96"
2468,21,"9","6900.79"
798,21,"3","1691.81"
1762,21,"11","5296.31"
2801,22,"4","1399.88"
176,22,"5","3090.07"
1288,22,"5","3227.13"
1644,22,"7","4938.15"
2217,22,"7","3905.42"
29,22,"9","6175.30"
1059,22,"2","1618.83"
1812,22,"10","4084.28"
72,22,"4","2559.78"
987,22,"8","5180.26"
2543,22,"4","4303.86"
1967,22,"6","5732.11"
1989,22,"4","1659.64"
794,22,"7","4248.67"
1356,22,"6","3853.42"
2537,22,"11","6157.03"
3319,22,"7","2464.61"
1855,22,"4","2257.81"
3020,22,"12","2771.48"
3149,22,"3","2036.78"
3278,22,"5","3216.13"
8,22,"10","7066.94"
2361,22,"7","4178.45"
210,22,"6","2957.03"
1419,22,"5","972.79"
3330,22,"8","3445.49"
2417,22,"1","451.65"
333,22,"7","3320.10"
59,22,"3","2628.37"
3408,22,"5","1355.24"
3436,22,"7","3302.82"
1409,22,"5","2637.41"
1551,22,"7","5171.89"
1720,23,"5","3538.05"
2904,23,"7","3163.39"
759,23,"9","2956.48"
2768,23,"6","3420.58"
2500,23,"3","766.42"
744,23,"5","1267.68"
2832,23,"8","3531.57"
1616,23,"7","6150.25"
127,23,"10","3993.71"
3263,23,"5","843.71"
2338,23,"7","3574.31"
1630,23,"3","1915.23"
724,23,"8","5073.27"
186,23,"6","2166.17"
1273,23,"3","1551.75"
1603,23,"4","1488.17"
2652,23,"5","5319.91"
823,23,"6","5811.30"
2105,23,"5","5155.91"
1214,23,"4","3652.09"
3264,23,"8","4240.24"
1931,23,"3","384.07"
353,23,"11","6792.83"
2844,23,"6","3710.17"
2007,23,"4","4601.81"
154,23,"5","683.63"
1237,23,"11","6961.52"
3132,23,"5","3426.54"
3309,24,"5","2221.50"
2522,24,"7","3060.84"
2789,24,"2","549.09"
1476,24,"2","930.46"
857,24,"5","3721.92"
1272,24,"10","5029.13"
1567,24,"7","4071.82"
1152,24,"8","4516.14"
2408,24,"3","2824.16"
1056,24,"7","3954.42"
2916,24,"5","1571.39"
1027,24,"6","1449.44"
765,24,"10","5070.62"
1821,24,"12","7335.89"
580,24,"5","2185.51"
1226,24,"5","937.44"
3174,24,"6","2346.62"
500,24,"8","3977.81"
1818,24,"7","4516.55"
1204,24,"2","183.16"
2887,24,"9","6202.90"
1106,24,"9","5691.61"
1363,24,"7","2744.34"
2462,24,"5","3481.45"
1718,24,"5","1539.11"
1884,24,"7","3349.99"
2515,24,"3","2628.42"
1423,24,"6","3233.09"
1627,24,"8","4834.08"
1525,24,"3","1909.17"
1697,24,"5","3042.48"
642,24,"7","2724.29"
2280,24,"5","1702.53"
2199,24,"4","2644.03"
335,24,"2","456.99"
475,24,"7","2907.28"
445,24,"11","8081.86"
2117,24,"5","2724.75"
1061,24,"6","1137.94"
452,24,"5","1561.59"
3176,24,"9","2701.29"
3030,24,"7","2713.38"
3058,24,"5","5935.45"
1864,24,"11","3081.07"
2686,24,"11","6119.73"
1863,24,"6","6524.34"
2872,24,"7","3109.93"
2484,24,"6","2157.24"
2320,24,"3","1690.96"
1468,24,"7","3564.99"
193,24,"5","2551.50"
308,25,"6","4086.21"
833,25,"8","4776.10"
3085,25,"5","2076.68"
2339,25,"8","3077.71"
2198,25,"4","2745.09"
2772,25,"5","2446.21"
2868,25,"4","2129.53"
2811,25,"5","2448.48"
1924,25,"3","1761.68"
1685,25,"2","677.18"
782,25,"5","3431.83"
3159,25,"2","3222.44"
1835,25,"6","1039.03"
2509,25,"8","3812.53"
756,25,"6","2121.61"
2036,25,"12","6770.24"
1961,25,"3","3361.67"
3136,25,"4","1210.21"
3388,25,"8","3516.78"
3117,25,"9","8531.16"
989,25,"5","4207.50"
2528,25,"7","4870.35"
2650,25,"6","2394.82"
2126,25,"4","594.06"
2367,25,"7","4636.80"
352,25,"6","4404.40"
1597,25,"12","9739.46"
981,25,"7","2867.00"
3413,25,"4","4076.18"
3485,25,"2","1720.35"
728,25,"9","6411.76"
731,25,"5","2695.40"
1734,25,"2","923.00"
425,25,"7","7388.60"
1646,26,"7","4487.52"
2392,26,"5","1547.88"
1537,26,"9","5101.55"
1128,26,"5","3388.35"
237,26,"8","3635.04"
2740,26,"8","4905.53"
50,26,"8","5783.66"
1015,26,"6","2136.87"
1868,26,"6","7566.25"
133,26,"5","803.89"
1312,26,"4","1292.60"
2110,26,"6","2299.87"
1502,26,"9","6209.68"
139,26,"9","5161.44"
760,26,"9","4847.05"
1122,26,"5","3026.39"
227,26,"5","3906.03"
907,26,"7","1370.37"
1050,26,"6","2535.63"
1129,26,"13","6790.69"
3400,26,"4","1402.90"
1853,26,"9","5184.76"
1113,26,"9","6072.48"
1371,26,"4","1270.94"
458,26,"5","1247.24"
2273,26,"10","2795.34"
2433,26,"10","5108.66"
1370,26,"4","839.27"
1018,26,"5","2497.80"
2903,26,"3","1370.80"
3089,27,"4","3618.44"
2085,27,"3","2196.35"
2438,27,"7","3058.73"
259,27,"4","2124.65"
2360,27,"6","4962.20"
3482,27,"8","5549.59"
777,27,"6","3184.33"
2677,27,"5","1891.72"
246,27,"9","3174.16"
137,27,"5","1496.45"
2214,27,"5","2328.51"
488,27,"6","1043.64"
3219,27,"8","2096.27"
2815,27,"9","4895.82"
2624,27,"5","2159.31"
1547,27,"9","6523.19"
2143,27,"5","2067.15"
208,27,"5","3342.02"
2952,27,"5","2543.89"
2971,27,"3","1511.32"
1314,27,"5","2894.17"
2210,27,"9","4888.71"
2631,27,"3","866.46"
315,27,"9","2200.11"
849,27,"6","4284.21"
1753,27,"4","2093.21"
2726,27,"10","5318.75"
204,27,"8","6287.29"
758,27,"2","165.58"
1809,27,"6","3918.15"
2574,27,"11","6276.37"
412,27,"3","1055.03"
13,27,"7","4337.38"
815,27,"6","5081.30"
197,27,"9","3651.71"
2986,28,"9","5017.74"
2733,28,"9","7827.41"
1618,28,"2","643.43"
3431,28,"10","6022.12"
2441,28,"2","443.53"
145,28,"7","3140.30"
201,28,"7","4159.18"
213,28,"11","8544.50"
1752,28,"7","3240.20"
1021,28,"8","5048.26"
561,28,"6","2891.59"
1340,28,"8","2120.42"
2170,28,"6","4828.54"
74,28,"3","966.52"
273,28,"10","6519.24"
1917,28,"7","5107.25"
1406,28,"6","2396.70"
1696,28,"9","6524.77"
3057,28,"7","5049.14"
1517,28,"11","5878.15"
418,28,"6","3325.13"
3421,28,"9","4255.89"
654,28,"4","1884.87"
915,28,"4","425.19"
532,28,"6","3920.83"
1379,28,"5","4337.31"
1361,28,"7","2731.92"
1194,28,"8","4148.57"
2176,28,"3","2088.09"
2755,28,"12","6606.68"
84,28,"7","2295.22"
80,28,"10","5988.86"
1949,29,"7","3586.71"
2454,29,"10","6272.21"
396,29,"6","4647.13"
3383,29,"6","4387.16"
1125,29,"5","2839.93"
1483,29,"8","4273.54"
401,29,"7","3643.03"
2694,29,"4","1536.90"
2172,29,"4","5407.15"
2266,29,"10","4169.83"
3238,29,"5","2076.89"
1295,29,"6","1882.90"
2024,29,"6","3558.41"
2381,29,"7","2731.88"
3443,29,"6","3128.74"
2008,29,"6","2209.71"
1591,29,"11","5968.91"
3478,29,"6","4297.85"
2565,29,"9","7496.36"
1634,29,"4","1537.06"
2799,29,"8","5460.14"
2247,29,"7","4957.30"
3326,29,"13","10422.04"
3368,29,"5","3153.48"
41,29,"8","4531.68"
3060,29,"11","5684.73"
1788,29,"9","4979.39"
2288,29,"6","4438.47"
3178,29,"5","4339.76"
1026,29,"6","1313.78"
2138,29,"8","5474.02"
1155,29,"7","2332.45"
1302,29,"13","5336.73"
1861,29,"5","2890.70"
2888,29,"6","5055.73"
90,30,"7","2990.73"
2067,30,"8","3743.80"
706,30,"6","7109.40"
1639,30,"6","4428.51"
2899,30,"6","2554.49"
3274,30,"5","1519.40"
2944,30,"6","1458.81"
3353,30,"7","2608.46"
3352,30,"7","2839.35"
2283,30,"7","4474.63"
119,30,"4","4217.24"
395,30,"7","4597.74"
1032,30,"8","3191.12"
2557,30,"3","4540.47"
3299,30,"5","2747.57"
2803,30,"6","2743.41"
340,30,"8","2781.36"
2770,30,"9","10028.80"
2636,30,"3","407.96"
1029,30,"6","3660.06"
3006,30,"4","3901.96"
2665,30,"3","3383.62"
2201,30,"7","6291.68"
3411,30,"7","5772.78"
2620,30,"8","4919.55"
2639,31,"5","3676.22"
3372,31,"6","2684.47"
3027,31,"5","1393.66"
3345,31,"5","1367.00"
583,31,"4","2258.19"
1451,31,"7","5017.33"
1332,31,"8","5075.61"
2760,31,"5","1757.19"
2997,31,"6","2035.02"
372,31,"8","2598.13"
2240,31,"12","6128.30"
250,31,"7","4019.05"
2385,31,"8","4797.13"
806,31,"4","2189.57"
2495,31,"8","2232.78"
2946,31,"10","3823.38"
844,31,"9","4730.32"
939,31,"4","1818.27"
20,31,"4","3608.28"
1804,31,"3","2156.17"
2332,31,"4","651.64"
2461,31,"6","2067.47"
3254,31,"7","2001.91"
873,31,"5","3226.46"
387,31,"3","3417.78"
1817,31,"11","4244.10"
1518,31,"5","2749.40"
1429,31,"6","861.62"
1292,31,"5","3607.66"
3022,31,"5","2614.37"
3479,31,"6","2265.96"
3324,31,"7","2986.96"
2966,32,"5","2629.22"
1473,32,"11","6176.30"
2239,32,"2","736.73"
2645,32,"6","1500.81"
2511,32,"4","2152.69"
701,32,"6","2215.56"
936,32,"12","9244.90"
1974,32,"5","1601.33"
2432,32,"6","2253.09"
2544,32,"6","3044.80"
1103,32,"12","7367.88"
2558,32,"4","2907.42"
266,32,"4","1742.83"
1790,32,"5","2258.68"
184,32,"3","2181.35"
923,32,"7","3337.16"
2988,32,"8","3034.97"
3440,32,"5","1243.65"
3422,32,"5","2127.64"
536,32,"4","3662.30"
178,32,"4","2184.58"
1878,32,"6","2755.93"
1847,32,"3","1919.83"
1316,32,"5","2152.88"
1811,32,"8","6493.80"
1698,32,"8","4965.68"
3259,32,"2","421.01"
1455,32,"5","2349.98"
2422,32,"5","2606.60"
1486,32,"5","3681.51"
1588,32,"7","3628.26"
2127,32,"5","1884.62"
1049,32,"10","4486.32"
2627,33,"6","4375.27"
2915,33,"7","1661.98"
970,33,"5","2840.81"
1653,33,"5","2843.51"
305,33,"7","2700.88"
94,33,"7","4902.21"
1435,33,"7","5393.83"
1466,33,"3","978.42"
1536,33,"4","2018.04"
1570,33,"9","5321.30"
1956,33,"4","1267.19"
563,33,"7","1931.13"
3249,33,"8","6400.00"
821,33,"5","2925.75"
594,33,"9","6630.72"
1979,33,"5","4541.84"
1432,33,"6","3727.06"
2113,33,"4","2989.64"
941,33,"10","11668.95"
676,33,"6","2894.85"
2046,33,"9","9188.77"
1405,33,"11","2281.99"
2094,34,"5","1368.37"
2749,34,"1","327.98"
329,34,"6","3618.01"
1928,34,"2","879.48"
2010,34,"5","2168.80"
147,34,"6","5034.16"
2278,34,"4","279.78"
1024,34,"8","4560.56"
718,34,"8","2164.08"
1171,34,"9","3879.32"
1785,34,"6","2827.73"
958,34,"6","2183.71"
295,34,"7","4539.90"
1223,34,"8","2235.30"
39,34,"12","6085.17"
2793,34,"8","4232.85"
92,34,"3","2967.44"
1776,34,"7","3510.74"
3047,34,"5","3909.14"
1937,34,"7","4712.24"
661,34,"6","3308.09"
850,34,"8","2838.72"
2171,34,"6","1251.33"
2284,34,"7","4735.67"
3204,34,"8","3417.46"
3127,35,"4","3898.50"
917,35,"8","5392.89"
2538,35,"9","5949.92"
2279,35,"8","4008.76"
2261,35,"4","1465.16"
968,35,"7","4422.26"
1947,35,"9","3974.81"
2268,35,"8","4473.32"
1837,35,"7","4515.25"
47,35,"7","4332.19"
2552,35,"6","4292.35"
323,35,"6","2020.73"
2018,35,"7","2335.54"
44,35,"7","4768.28"
477,35,"5","3375.06"
1042,35,"3","2771.37"
558,35,"7","3513.02"
1411,35,"6","4268.32"
3011,35,"4","1349.76"
1136,35,"6","3451.83"
57,35,"6","5117.96"
1250,35,"10","6093.26"
2875,35,"4","3231.91"
747,35,"2","571.38"
3357,35,"4","1441.00"
382,35,"7","1657.45"
380,35,"8","6196.16"
15,35,"6","1728.39"
1881,35,"7","5018.98"
2648,35,"5","4384.85"
2263,35,"5","3371.48"
570,35,"6","3446.07"
3269,35,"4","1892.56"
3211,35,"3","2302.94"
1820,35,"9","4883.79"
2352,36,"1","1279.40"
3469,36,"4","1625.44"
2410,36,"6","3695.73"
2658,36,"5","1329.09"
539,36,"8","1676.43"
609,36,"4","2168.73"
1894,36,"4","1907.65"
2179,36,"7","3631.27"
49,36,"5","4248.68"
3331,36,"5","3159.58"
2354,36,"5","3458.15"
230,36,"10","4745.01"
1769,36,"6","2744.36"
507,36,"7","4290.77"
1398,36,"7","5649.83"
2277,36,"4","2713.72"
1581,36,"8","2944.09"
889,36,"5","2357.69"
3095,36,"5","2799.49"
2601,36,"8","4582.12"
1193,36,"4","962.22"
2296,36,"4","3592.50"
562,36,"5","2125.01"
916,36,"4","3465.07"
1841,36,"3","1677.08"
1384,36,"6","3307.48"
1311,37,"4","3572.06"
1739,37,"4","2395.71"
2592,37,"8","6490.30"
177,37,"11","3980.14"
85,37,"6","563.37"
653,37,"5","2623.84"
2297,37,"5","4274.88"
225,37,"3","1587.55"
3399,37,"4","3084.76"
1524,37,"8","2724.52"
546,37,"5","4449.53"
904,37,"4","1496.79"
2787,37,"6","6153.00"
1254,37,"7","3436.50"
686,37,"5","2073.81"
1006,37,"8","4687.53"
3277,37,"5","2535.98"
2184,37,"11","7123.00"
1695,37,"5","3646.30"
3358,37,"6","4447.21"
1576,37,"7","4521.35"
1516,37,"5","4256.32"
1548,37,"3","1434.01"
1585,37,"8","3461.65"
337,37,"6","3388.82"
1186,37,"4","1369.65"
3350,38,"6","5796.16"
3124,38,"3","401.50"
459,38,"5","2402.40"
2985,38,"10","6308.16"
1422,38,"7","1652.39"
896,38,"4","1669.89"
3098,38,"4","2968.25"
2578,38,"4","1955.78"
2682,38,"8","3092.62"
95,38,"4","3050.81"
3261,38,"6","4363.99"
1714,38,"6","3372.13"
251,38,"4","1210.00"
2584,38,"5","2208.24"
3035,38,"5","2429.16"
1420,38,"5","2121.64"
1688,38,"7","2421.65"
2281,38,"7","4075.38"
1118,38,"4","1858.97"
2097,38,"6","4647.42"
2684,38,"9","6337.40"
957,38,"5","2632.09"
1239,38,"7","1795.30"
1282,38,"8","5521.41"
1643,38,"8","4244.32"
33,38,"6","5150.45"
1866,38,"9","8834.60"
2901,38,"7","5850.34"
840,38,"6","3320.09"
1870,38,"7","4382.20"
1912,38,"9","3286.01"
1827,38,"5","3619.13"
542,38,"6","2098.52"
2399,38,"6","2724.93"
2490,38,"5","1663.67"
1444,38,"5","1281.31"
3339,38,"6","1163.92"
2382,38,"7","1301.43"
554,38,"3","1670.67"
2154,38,"6","4268.17"
2237,38,"7","2501.42"
1142,38,"4","1841.73"
710,39,"7","6431.69"
1374,39,"8","5196.33"
691,39,"8","5678.40"
887,39,"8","5247.44"
1071,39,"6","3359.09"
635,39,"6","1220.61"
3067,39,"6","3575.90"
1771,39,"5","1932.58"
3200,39,"5","1001.75"
788,39,"7","4228.66"
2886,39,"8","4022.79"
3444,39,"2","1447.98"
2855,39,"2","63.83"
2285,39,"7","1796.29"
2842,39,"3","1410.60"
211,39,"9","4090.05"
1030,39,"8","4698.60"
2447,39,"7","3068.18"
3351,39,"6","3138.49"
3305,39,"2","124.79"
179,40,"3","1814.59"
2477,40,"1","802.26"
912,40,"7","4164.21"
818,40,"6","3028.84"
549,40,"8","3751.75"
1498,40,"4","1583.19"
1156,40,"4","2559.66"
2227,40,"5","2168.40"
2450,40,"2","2365.93"
2539,40,"5","2862.41"
1825,40,"6","4977.77"
3140,40,"3","673.21"
466,40,"7","2813.66"
1402,40,"8","3067.58"
3032,40,"7","6183.31"
483,40,"7","2307.78"
2692,40,"3","854.24"
2527,40,"7","4600.01"
1579,40,"10","8102.62"
1921,40,"1","64.51"
3228,40,"7","5814.45"
2357,40,"4","2741.81"
1826,40,"7","3405.78"
3220,40,"8","4304.22"
3306,40,"5","3473.13"
1488,40,"1","133.38"
3328,40,"4","2068.30"
2723,40,"8","6591.00"
219,40,"6","1688.33"
2028,40,"7","3648.33"
3126,40,"7","4780.79"
291,40,"2","605.01"
2489,40,"8","6854.85"
1636,40,"5","3274.29"
2189,40,"10","4914.08"
1844,41,"6","3348.31"
2212,41,"6","2722.72"
977,41,"5","2449.15"
1711,41,"7","2769.45"
1259,41,"7","3342.13"
254,41,"7","6780.95"
1869,41,"4","1623.43"
804,41,"3","3065.90"
1933,41,"9","4404.77"
2626,41,"4","2023.95"
2312,41,"4","1578.06"
666,41,"5","2459.76"
560,41,"6","3583.46"
1611,41,"12","5450.34"
2800,41,"5","352.23"
838,41,"4","1966.08"
2190,41,"8","6260.31"
3371,41,"9","4677.69"
1236,41,"4","3078.59"
2837,41,"7","3171.39"
2877,41,"8","3642.02"
1523,41,"3","2105.09"
632,41,"3","1726.61"
2717,41,"10","4576.02"
1613,41,"8","3512.03"
1527,41,"8","3855.93"
522,41,"4","1663.83"
615,42,"4","3620.88"
1848,42,"6","4456.95"
3000,42,"4","3354.27"
1001,42,"7","2884.19"
102,42,"7","2587.01"
2616,42,"11","6417.95"
2194,42,"8","6198.41"
994,42,"5","2069.64"
1450,42,"7","2959.59"
1913,42,"13","3254.53"
647,42,"9","5279.19"
1672,42,"12","6123.29"
1550,42,"6","3172.63"
2591,42,"6","5839.22"
2380,42,"7","5231.29"
3370,42,"7","4078.82"
2736,42,"5","2449.81"
1019,42,"4","2340.43"
2480,42,"5","3382.40"
1263,42,"6","2951.02"
1883,42,"3","1910.89"
2750,42,"11","5964.05"
1664,42,"7","3476.36"
1531,42,"7","3839.18"
1606,42,"4","2602.85"
3301,42,"5","1929.78"
767,42,"5","2438.84"
2062,42,"5","3465.41"
1987,42,"3","711.81"
2192,42,"5","1679.53"
684,42,"8","2431.60"
367,43,"6","3634.45"
3049,43,"3","1833.49"
1199,43,"8","2037.32"
1349,43,"6","1905.16"
148,43,"5","3268.40"
1345,43,"6","5170.95"
1887,43,"10","8465.32"
1094,43,"7","3632.30"
79,43,"6","2597.46"
746,43,"6","1779.16"
1731,43,"11","3521.29"
2364,43,"5","4826.50"
280,43,"11","7360.53"
2415,43,"5","1844.88"
590,43,"12","6629.57"
527,43,"2","1694.76"
2707,43,"3","1323.22"
2542,43,"7","6559.26"
66,43,"4","3333.86"
1561,43,"8","6918.89"
2020,43,"7","4959.64"
2375,43,"7","5641.47"
819,43,"5","2558.04"
376,43,"3","368.17"
1262,43,"3","1355.38"
3155,43,"4","1250.08"
1671,43,"4","1221.85"
303,43,"3","3247.08"
1191,43,"8","1339.27"
45,43,"3","1048.15"
1919,44,"4","1841.25"
1850,44,"7","5159.72"
3247,44,"8","3802.55"
1181,44,"10","4513.06"
2444,44,"4","3270.22"
3002,44,"7","3193.23"
1443,44,"10","5004.26"
3373,44,"5","4048.46"
2629,44,"5","4119.06"
2230,44,"8","3263.40"
2674,44,"5","3478.14"
1986,44,"6","2436.69"
921,44,"8","7516.02"
2847,44,"7","4509.11"
2685,44,"6","3039.47"
288,44,"4","1808.73"
1132,44,"9","3640.62"
1700,44,"7","1501.35"
3361,44,"6","4752.70"
1172,44,"5","3329.47"
1178,44,"8","5167.23"
2771,44,"5","4754.20"
707,44,"6","3368.20"
2313,44,"6","2842.47"
2595,44,"8","4631.38"
3412,44,"4","2417.74"
289,44,"9","3924.11"
1124,44,"3","2742.04"
2788,44,"11","9061.47"
3170,44,"6","4344.71"
1890,44,"9","6710.76"
3366,44,"4","2264.10"
1290,44,"9","7616.04"
809,45,"4","492.74"
2362,45,"3","959.32"
3426,45,"6","3713.52"
2405,45,"5","1853.86"
1728,45,"6","3684.49"
2373,45,"4","2381.74"
2298,45,"5","2337.75"
3173,45,"6","4681.85"
444,45,"7","3807.46"
1737,45,"3","3531.09"
1100,45,"3","1051.23"
1929,45,"6","1912.36"
2292,45,"7","4768.85"
397,45,"5","2618.00"
3325,45,"5","3028.20"
355,45,"5","2662.75"
394,45,"8","5445.46"
2906,45,"4","1408.35"
2534,45,"7","1900.93"
496,45,"4","1310.77"
231,45,"4","2344.52"
2571,45,"3","2222.29"
2560,45,"11","5595.44"
2785,45,"6","3411.62"
3038,46,"6","3194.93"
2004,46,"5","2909.67"
2897,46,"5","2828.37"
1475,46,"8","7812.17"
864,46,"6","4499.38"
1063,46,"6","3112.69"
2765,46,"6","2995.18"
748,46,"9","3516.00"
2743,46,"2","1428.62"
2776,46,"4","2295.62"
1534,46,"7","3244.32"
1765,46,"6","4439.48"
2910,46,"8","3564.73"
11,46,"6","3638.84"
874,46,"8","2786.56"
3062,46,"6","2857.68"
2514,46,"3","1853.30"
3406,46,"10","5463.64"
1031,46,"2","1320.52"
263,46,"7","3476.94"
610,46,"9","3399.91"
3015,46,"10","6814.58"
1717,46,"4","1951.07"
1072,46,"3","2102.32"
3291,46,"4","2199.04"
2769,46,"6","4177.84"
2316,46,"4","1437.54"
952,46,"5","3569.98"
2912,46,"13","8835.01"
55,46,"8","3220.86"
3028,46,"5","3043.16"
2497,46,"4","2981.39"
733,46,"10","8210.30"
1879,47,"7","1914.39"
1622,47,"3","1506.34"
1973,47,"4","3371.69"
2269,47,"7","5404.64"
1224,47,"7","4250.74"
249,47,"9","2236.13"
2564,47,"5","1144.35"
241,47,"4","1922.82"
2160,47,"6","2672.77"
2845,47,"8","2497.72"
14,47,"3","1713.90"
2766,47,"6","6233.30"
2115,47,"2","1168.94"
1189,47,"4","1472.66"
61,47,"6","4254.24"
3166,47,"6","4710.42"
112,47,"6","5742.19"
2507,47,"4","3467.88"
2344,47,"6","2605.09"
1080,47,"3","1857.62"
1003,47,"9","5300.38"
414,47,"6","2304.56"
471,48,"6","3918.11"
3121,48,"6","3164.13"
1057,48,"4","3130.44"
3111,48,"5","1831.96"
437,48,"6","3045.60"
1674,48,"5","160.73"
1755,48,"6","3451.34"
971,48,"5","4015.78"
1984,48,"7","7256.08"
2767,48,"3","803.97"
3346,48,"3","1511.57"
1107,48,"6","1972.03"
1261,48,"6","1584.50"
894,48,"8","3564.27"
1368,48,"6","3581.34"
1163,48,"5","1775.01"
1426,48,"7","3867.34"
814,48,"3","2154.13"
2669,48,"3","1280.07"
3034,48,"5","2661.28"
2314,48,"3","2355.76"
2203,49,"5","3469.05"
770,49,"6","4457.48"
2945,49,"3","397.23"
3195,49,"9","3603.19"
899,49,"6","1274.48"
2727,49,"5","4757.21"
603,49,"7","3148.10"
2883,49,"7","5553.21"
1389,49,"9","6263.12"
1783,49,"12","6331.35"
2084,49,"3","494.61"
472,49,"5","3309.79"
1838,49,"5","4691.45"
2226,49,"8","3121.70"
827,49,"8","4014.42"
3242,49,"7","8252.69"
2579,49,"3","788.50"
103,49,"5","913.32"
537,49,"3","825.73"
1839,49,"7","2784.00"
2286,49,"5","2878.73"
2409,49,"7","3077.56"
3341,49,"4","921.62"
3104,49,"6","3686.72"
365,50,"7","4724.04"
1614,50,"6","2397.39"
1218,50,"6","4540.57"
1982,50,"8","3939.17"
2158,50,"5","1650.61"
38,50,"4","2025.34"
692,50,"9","5027.49"
2590,50,"6","5483.00"
2460,50,"4","1204.26"
3476,50,"5","1152.36"
650,50,"6","2904.69"
181,50,"5","2365.24"
2015,50,"6","2970.60"
672,50,"3","3633.14"
2146,50,"2","1264.62"
436,50,"3","2124.71"
3196,50,"7","2929.01"
261,50,"9","4033.15"
813,50,"5","1633.61"
2681,50,"5","2561.48"
3024,50,"2","3321.76"
655,51,"6","5753.88"
1222,51,"3","667.99"
438,51,"8","7692.39"
383,51,"3","987.49"
2248,51,"8","3914.50"
3224,51,"9","4001.52"
1286,51,"7","2415.24"
3499,51,"7","4955.25"
2181,51,"8","1765.32"
317,51,"5","3537.39"
3310,51,"5","3121.04"
2764,51,"3","593.56"
2051,51,"6","6140.66"
2918,51,"7","3469.60"
3404,51,"4","2430.52"
428,51,"8","3355.11"
2419,51,"8","2702.50"
1814,51,"6","2459.73"
2821,51,"5","1471.91"
566,52,"3","2145.56"
1279,52,"6","2422.29"
2457,52,"6","2757.23"
2161,52,"5","2584.95"
1902,52,"5","2134.10"
940,52,"5","3256.14"
3497,52,"3","1648.32"
2981,52,"7","2643.87"
3405,52,"9","6167.71"
2582,52,"5","2912.81"
3160,52,"5","3690.82"
223,52,"7","4410.07"
1258,52,"8","5441.22"
1039,52,"7","5259.00"
2258,52,"7","3957.53"
2701,52,"9","4863.47"
1799,52,"4","2073.85"
1046,52,"5","1985.10"
205,52,"9","2008.27"
446,52,"8","5363.30"
1775,52,"5","2480.30"
2943,52,"7","2125.22"
1335,52,"7","3332.65"
2019,52,"9","6325.84"
579,52,"9","4204.60"
2317,53,"5","2715.29"
1569,53,"1","1103.43"
3208,53,"7","3922.88"
3108,53,"7","5916.21"
2526,53,"6","2467.14"
587,53,"6","3293.38"
581,53,"4","2223.55"
1442,53,"3","911.28"
816,53,"4","1098.40"
2162,53,"4","1779.26"
1916,53,"7","4545.80"
3240,53,"9","5085.84"
1323,53,"7","1695.38"
2309,53,"12","7161.99"
1593,53,"6","3818.36"
2440,53,"3","1067.29"
2599,53,"7","4275.00"
2397,53,"9","4002.32"
490,53,"9","4593.01"
1733,53,"5","3170.48"
1131,53,"8","6295.52"
935,53,"7","5502.11"
630,53,"7","3717.21"
2459,53,"11","4737.30"
1496,53,"5","3181.16"
2302,53,"3","2611.15"
46,53,"5","1623.63"
1501,53,"5","1636.37"
3313,54,"6","2082.46"
726,54,"3","2965.76"
2223,54,"7","3538.42"
2637,54,"11","11222.65"
3385,54,"3","1175.54"
3146,54,"7","6399.64"
2349,54,"5","2500.26"
3052,54,"2","666.31"
737,54,"7","4480.09"
862,54,"1","309.81"
2493,54,"3","2303.00"
1997,54,"5","2854.97"
628,54,"5","1313.86"
1009,54,"5","2385.01"
2193,54,"4","2957.42"
1797,54,"11","6539.78"
999,54,"10","8611.95"
1366,54,"5","1614.09"
2643,54,"3","348.09"
2014,54,"7","4281.32"
1736,54,"6","3759.28"
626,54,"9","3437.37"
871,54,"8","3502.86"
3389,54,"6","4462.32"
3481,54,"7","2438.45"
2056,54,"2","1028.46"
861,54,"5","1009.34"
3064,55,"7","2410.92"
388,55,"3","1834.03"
1277,55,"3","1197.91"
2045,55,"8","4267.67"
51,55,"8","4855.40"
699,55,"3","976.24"
519,55,"4","2326.39"
2087,55,"5","1624.11"
1096,55,"5","2086.85"
2351,55,"8","5612.84"
982,55,"6","943.93"
499,55,"11","4043.58"
842,55,"4","2137.18"
3148,55,"6","3460.33"
2274,55,"2","35.74"
2615,55,"9","5517.12"
1750,55,"6","5227.98"
1580,55,"8","3225.00"
606,55,"6","2488.53"
3172,55,"4","676.98"
2734,55,"3","999.03"
1615,55,"6","5353.57"
3378,55,"4","3399.02"
1582,55,"5","1914.20"
2453,56,"6","2587.80"
1512,56,"4","2817.57"
2508,56,"10","6568.91"
1417,56,"7","3873.42"
403,56,"6","3653.69"
2972,56,"4","1188.88"
214,56,"6","2498.84"
984,56,"8","2294.43"
929,56,"5","2540.35"
911,56,"5","633.35"
391,56,"4","1315.06"
1559,56,"7","8050.10"
2756,56,"4","1610.97"
3327,56,"8","3782.79"
402,56,"6","4965.43"
1510,56,"2","2238.37"
1400,56,"6","4751.72"
2073,56,"6","1872.25"
334,56,"6","2127.59"
506,56,"10","6985.24"
421,56,"6","3952.15"
3189,56,"2","50.18"
2549,57,"4","2211.56"
3463,57,"4","993.92"
2921,57,"5","2718.28"
1935,57,"6","3568.73"
3360,57,"8","4179.51"
2124,57,"6","3900.32"
1047,57,"8","2213.93"
2563,57,"5","1715.61"
1415,57,"4","3062.52"
2931,57,"6","1700.55"
2048,57,"6","5350.00"
1383,57,"4","3372.97"
1421,57,"6","2529.62"
255,57,"11","6813.82"
648,57,"7","4222.63"
3017,57,"6","4124.12"
2175,58,"4","3173.95"
198,58,"9","6631.87"
2804,58,"7","3495.92"
2206,58,"4","1464.66"
601,58,"5","1423.44"
2820,58,"7","4695.94"
3055,58,"10","5955.54"
750,58,"6","5391.71"
2363,58,"6","3222.99"
1187,58,"4","1130.52"
2670,58,"3","1311.39"
292,58,"7","3631.60"
1225,58,"4","2078.59"
2052,58,"9","3009.89"
2202,58,"9","5046.64"
607,58,"9","6998.39"
3248,58,"4","872.39"
775,58,"7","2862.33"
3297,58,"6","1521.43"
3314,58,"6","2561.12"
2413,58,"7","4523.23"
1729,58,"6","3005.33"
339,58,"5","4327.24"
2166,58,"6","3071.34"
627,58,"5","4597.27"
2554,59,"5","2883.96"
2289,59,"5","3855.00"
2893,59,"3","3533.56"
3103,59,"8","5040.88"
497,59,"4","1061.48"
3281,59,"2","987.82"
420,59,"10","3652.17"
426,59,"9","6933.15"
2384,59,"6","3796.70"
347,59,"7","8326.37"
1168,59,"7","6128.86"
1669,59,"6","3361.10"
2222,59,"6","3821.27"
1180,59,"4","2305.11"
714,59,"9","3222.87"
997,59,"7","2923.29"
2936,59,"6","5099.85"
2423,59,"1","50.66"
2299,59,"6","3142.75"
1427,59,"6","3684.70"
2232,59,"6","2198.56"
1742,59,"6","1942.36"
3061,59,"9","3232.76"
1909,59,"6","3456.80"
2738,59,"4","1177.21"
510,59,"2","1694.59"
75,60,"8","4979.94"
3097,60,"3","2427.07"
2699,60,"5","1757.44"
2691,60,"8","3088.92"
2874,60,"11","7910.31"
3021,60,"7","2943.78"
2348,60,"4","831.67"
1793,60,"6","4960.36"
2644,60,"2","1607.27"
2093,60,"6","3660.48"
1789,60,"3","2066.66"
965,60,"4","3867.74"
1807,60,"6","2514.96"
638,60,"8","3507.13"
1410,60,"7","5597.11"
1025,60,"8","1800.12"
963,60,"12","4779.13"
567,60,"4","439.57"
2593,60,"4","937.82"
2139,60,"5","5380.68"
229,60,"5","1811.84"
1898,60,"6","4787.35"
1670,60,"9","5073.96"
1725,60,"7","5242.30"
1977,60,"4","2080.25"
169,61,"3","696.26"
3101,61,"4","614.62"
3415,61,"6","4669.30"
727,61,"6","3970.03"
1657,61,"6","2779.96"
1915,61,"5","2568.05"
1227,61,"12","4101.86"
1911,61,"2","689.11"
597,61,"5","1830.39"
1508,61,"5","3479.01"
740,61,"4","2083.73"
2900,61,"3","2041.20"
356,61,"5","2358.00"
311,61,"6","4054.48"
1251,61,"4","1481.07"
531,61,"5","1761.46"
938,61,"8","4803.95"
43,61,"9","3619.95"
895,61,"3","1867.17"
2668,61,"5","1542.41"
1609,61,"5","4041.60"
712,61,"8","4581.46"
2219,61,"5","3493.02"
2934,61,"6","3777.26"
2662,62,"9","6500.30"
1897,62,"7","2502.37"
252,62,"5","2597.64"
679,62,"10","3551.24"
702,62,"3","1905.88"
1971,62,"7","4812.99"
1662,62,"5","1718.12"
1169,62,"7","4318.20"
2810,62,"6","1185.76"
880,62,"3","1751.72"
1756,62,"3","2046.40"
671,62,"6","5393.05"
441,62,"3","1750.76"
2891,62,"7","4629.95"
1640,62,"7","1871.87"
3294,62,"4","2826.89"
2343,62,"3","3275.66"
2630,62,"10","4794.58"
2395,62,"1","57.73"
166,63,"8","4197.44"
3456,63,"3","2399.59"
875,63,"6","4796.96"
2244,63,"5","1796.00"
2187,63,"7","5644.17"
2099,63,"7","4576.76"
2711,63,"6","2814.87"
1322,63,"4","4008.84"
3187,63,"5","1034.70"
1391,63,"3","2283.83"
3430,63,"7","1653.02"
1641,63,"9","4326.20"
3380,63,"5","2793.81"
2233,63,"7","2332.59"
2257,64,"5","4193.32"
690,64,"6","3650.50"
104,64,"8","3550.26"
629,64,"8","2245.43"
1573,64,"4","2236.76"
2474,64,"7","4958.10"
2580,64,"8","5690.45"
3019,64,"3","1138.54"
2463,64,"8","5972.62"
961,64,"3","1035.31"
2924,64,"5","2485.92"
6,64,"5","3946.55"
3134,64,"7","7491.11"
732,64,"5","3269.12"
1364,64,"5","2329.32"
1741,64,"3","2725.13"
138,64,"7","3377.12"
2231,64,"3","2685.10"
3296,64,"11","4920.72"
153,64,"7","5522.51"
3434,64,"5","1831.51"
3144,64,"3","665.17"
1085,64,"4","1081.65"
1278,64,"4","721.51"
2587,64,"9","4776.43"
3477,64,"8","4401.92"
175,64,"5","2170.54"
853,64,"9","7263.66"
1114,64,"4","1774.12"
2107,64,"2","892.50"
3045,65,"6","5802.77"
1457,65,"7","2330.29"
2342,65,"3","2092.72"
1539,65,"8","3479.18"
1801,65,"8","4098.59"
158,65,"6","4627.35"
1735,65,"5","2560.93"
3311,65,"4","1705.39"
430,65,"6","5625.17"
2078,65,"5","1976.44"
1439,65,"4","2597.43"
3273,65,"7","6133.65"
619,65,"7","3378.35"
3398,65,"5","2666.06"
386,66,"5","2415.97"
1260,66,"5","2195.24"
2998,66,"3","2511.70"
2834,66,"3","2115.86"
1220,66,"5","2476.27"
1474,66,"5","1676.15"
1372,66,"6","2935.68"
3215,66,"7","7247.33"
3050,66,"9","6353.12"
1016,66,"6","1087.02"
2311,66,"5","4460.12"
967,66,"4","3798.35"
159,66,"6","2935.37"
3401,66,"6","3847.02"
3459,66,"3","2667.14"
803,66,"6","1746.55"
1880,67,"5","4685.53"
2753,67,"11","5203.18"
1612,67,"2","2932.82"
1205,67,"8","4598.22"
2640,67,"11","4246.56"
2424,67,"6","2446.20"
455,67,"3","1600.90"
2589,67,"5","3494.16"
1904,67,"3","1604.73"
1900,67,"4","1017.24"
463,67,"6","3501.72"
354,67,"6","3101.72"
1287,67,"7","5456.97"
1075,67,"6","2242.12"
1248,67,"1","182.81"
1268,67,"3","1318.26"
2119,67,"4","2795.32"
2144,67,"8","5253.88"
54,67,"7","4098.21"
2322,67,"4","2585.15"
2047,67,"2","1952.51"
12,67,"7","3540.03"
3072,67,"7","3373.78"
3308,67,"3","953.15"
1514,67,"7","3553.83"
3466,68,"3","272.79"
2635,68,"8","5178.56"
3177,68,"7","2163.59"
1198,68,"6","2323.92"
1665,68,"7","3302.05"
3213,68,"5","2122.62"
3214,68,"4","2969.77"
2407,68,"5","1792.39"
3145,68,"6","4067.64"
1678,68,"9","4732.32"
2164,68,"7","3328.51"
2806,68,"8","3420.13"
2016,68,"6","2390.89"
3184,68,"8","5310.30"
1490,68,"4","2182.98"
491,68,"7","2735.71"
888,68,"5","2278.70"
1482,68,"12","9269.16"
3093,68,"9","2964.62"
63,68,"3","2190.05"
810,68,"4","945.16"
118,69,"5","3550.10"
1472,69,"7","5011.40"
738,69,"8","4706.86"
3289,69,"5","3476.23"
1139,69,"4","1434.57"
2483,69,"4","859.09"
1479,69,"4","1695.66"
3230,69,"5","3890.00"
1213,69,"7","5490.29"
3138,69,"4","3168.15"
863,69,"4","703.62"
2390,69,"7","5593.60"
3039,69,"9","4762.49"
1920,69,"1","90.10"
1960,69,"4","2690.06"
2334,69,"3","1315.76"
3083,69,"6","2308.56"
1546,69,"6","2501.87"
282,69,"2","624.15"
268,69,"4","2713.19"
1958,69,"4","1090.71"
604,69,"6","4661.96"
2163,70,"4","1721.82"
1777,70,"6","2651.76"
1541,70,"5","3324.89"
3069,70,"3","1775.48"
114,70,"4","2195.26"
2355,70,"5","4351.82"
3141,70,"7","1696.39"
96,70,"3","1135.25"
931,70,"5","2890.06"
2989,70,"9","6845.06"
417,70,"7","3807.64"
358,70,"2","1405.99"
2188,70,"6","4735.32"
2518,70,"5","4636.72"
1212,71,"3","2331.63"
677,71,"5","940.36"
1649,71,"2","2891.15"
1727,71,"7","3036.05"
1090,71,"7","1529.01"
1245,71,"7","2596.23"
2700,71,"4","1652.12"
2446,71,"7","5417.47"
3266,71,"7","2269.93"
3474,71,"5","2358.99"
3396,71,"2","119.73"
2567,71,"4","1829.58"
2930,71,"6","3166.93"
319,71,"5","3955.91"
2602,71,"7","4041.79"
2196,71,"5","985.47"
1784,71,"4","1239.28"
2596,72,"5","3854.79"
571,72,"3","2284.98"
2568,72,"4","1232.95"
836,72,"4","1768.44"
773,72,"8","5907.35"
1436,72,"5","3404.37"
3453,72,"6","2341.29"
757,72,"5","2946.73"
2290,72,"6","5235.79"
3465,72,"9","4256.18"
2881,72,"6","3646.67"
1146,73,"2","1294.40"
2722,73,"6","1950.52"
3167,73,"4","3438.79"
2781,73,"4","1289.35"
1980,73,"8","4822.39"
2861,73,"8","4518.27"
1574,73,"10","3220.90"
1037,73,"7","2257.88"
3334,73,"8","2428.32"
2294,73,"7","5050.26"
2783,73,"11","2757.77"
535,73,"2","1261.57"
3409,73,"7","3009.30"
663,73,"4","2132.79"
2216,74,"3","1644.61"
3392,74,"1","114.93"
1862,74,"7","3020.10"
1324,74,"6","2011.93"
88,74,"6","2534.33"
1354,74,"3","2464.54"
243,74,"5","2193.55"
3336,74,"6","5824.48"
2245,74,"7","3320.78"
2207,74,"6","3604.14"
1469,74,"6","2251.36"
2907,74,"7","5213.35"
2784,74,"3","1075.06"
763,74,"6","3894.51"
2336,74,"9","5853.82"
424,74,"6","4053.59"
3439,74,"6","2109.28"
547,74,"6","2901.19"
2368,74,"6","4675.97"
1543,74,"3","1359.46"
482,75,"10","5887.20"
893,75,"7","4868.87"
986,75,"8","4272.97"
150,75,"4","2446.51"
1528,75,"7","5083.41"
1693,75,"7","4956.61"
493,75,"3","151.94"
1330,75,"6","5101.12"
2991,75,"6","2602.52"
2262,75,"4","1502.68"
2569,75,"7","3935.08"
1557,75,"7","4795.51"
2950,75,"3","645.99"
1151,75,"5","3449.31"
1377,75,"5","2814.08"
2953,75,"5","2881.21"
3171,75,"3","2072.72"
2797,75,"6","1112.73"
2455,75,"8","4737.68"
1241,75,"7","1844.56"
3206,75,"7","2991.01"
787,75,"10","6646.00"
2049,76,"5","2532.72"
959,76,"6","2178.44"
2449,76,"6","4455.63"
1660,76,"6","2624.36"
1939,76,"2","201.55"
1859,76,"5","2355.59"
1230,76,"2","617.98"
1952,76,"10","2882.80"
2619,76,"2","2659.57"
3287,76,"3","3199.10"
130,76,"2","1779.58"
1424,76,"3","1475.88"
390,76,"5","1101.34"
698,76,"3","1295.96"
2141,76,"4","2611.75"
1899,76,"5","2030.54"
879,76,"4","852.50"
1940,76,"4","3259.41"
2153,76,"7","4042.69"
1667,76,"7","5432.40"
1808,76,"7","7965.28"
479,76,"9","3335.20"
3369,76,"6","2672.28"
206,77,"4","3816.65"
1936,77,"8","3553.74"
1595,77,"7","4891.75"
1176,77,"4","842.15"
2962,77,"3","444.65"
2790,77,"3","903.66"
3165,77,"8","3167.89"
602,77,"5","2568.76"
3377,77,"7","3395.35"
228,77,"5","3719.75"
2178,77,"4","451.60"
1208,77,"5","3238.37"
1587,77,"5","635.72"
1215,77,"8","3118.98"
3423,77,"4","751.32"
960,78,"4","3516.37"
3304,78,"10","4236.21"
1955,78,"3","1215.92"
1284,78,"3","106.50"
2576,78,"7","2522.18"
82,78,"5","2924.37"
9,78,"6","2353.11"
2402,78,"3","788.28"
2898,78,"4","2343.00"
385,78,"9","5220.52"
2305,78,"4","2178.32"
2866,78,"4","2443.57"
2324,78,"4","1322.22"
1255,78,"3","287.31"
1686,78,"10","5672.85"
1336,78,"6","3595.91"
1666,78,"4","1518.85"
764,79,"3","1364.06"
2572,79,"8","4558.42"
878,79,"3","2809.75"
265,79,"4","2692.91"
1192,79,"5","1397.38"
828,79,"5","1378.39"
2200,79,"2","761.02"
93,79,"3","2976.41"
1200,79,"9","4075.17"
2758,79,"3","670.15"
192,79,"4","1519.47"
540,79,"6","1821.03"
1065,79,"6","2753.32"
3484,79,"7","5924.55"
3068,79,"6","3084.65"
3460,80,"8","7584.64"
2180,80,"5","3527.78"
1526,80,"6","3446.83"
83,80,"6","1798.20"
1877,80,"6","1507.82"
304,80,"9","2785.04"
2235,80,"6","3649.92"
3233,80,"3","781.46"
807,80,"4","2491.13"
2104,80,"8","2341.58"
749,80,"9","1830.72"
947,80,"5","2981.52"
3492,80,"3","2193.81"
2442,80,"6","2619.54"
919,80,"9","4458.89"
1710,80,"4","1638.52"
2041,80,"6","3799.86"
3276,80,"5","3655.39"
2406,80,"4","1341.22"
1816,80,"4","2769.26"
1659,80,"7","3461.08"
2353,81,"10","4842.52"
107,81,"4","2343.97"
3075,81,"6","2741.29"
1699,81,"8","3652.88"
3207,81,"5","1263.28"
1782,81,"5","3162.64"
2174,81,"6","3051.93"
2853,81,"8","4610.60"
1749,81,"3","1820.71"
2134,81,"5","3923.57"
1462,81,"5","2331.52"
1256,81,"6","2068.61"
1401,81,"4","2405.42"
688,81,"4","2967.80"
1891,81,"7","4045.20"
1235,81,"2","3332.80"
2307,81,"11","3887.07"
2142,81,"7","5258.12"
3387,82,"8","5318.69"
336,82,"5","2598.16"
1572,82,"6","7651.02"
1325,82,"1","104.24"
48,82,"8","5561.08"
3367,82,"6","4779.07"
779,82,"5","2465.81"
1201,82,"3","807.37"
1621,82,"5","1162.24"
331,82,"6","4404.67"
846,82,"3","2129.34"
1682,82,"6","5354.43"
1309,82,"4","1400.32"
901,82,"4","3812.88"
2359,82,"8","2688.57"
1375,82,"5","1849.91"
1489,82,"5","566.55"
450,82,"3","2440.73"
2638,83,"9","4047.25"
2516,83,"3","825.25"
1337,83,"6","3417.42"
28,83,"6","3366.56"
3099,83,"2","2079.57"
125,83,"9","3303.88"
1022,83,"5","6444.49"
2909,83,"7","4644.23"
868,83,"6","5534.83"
1206,83,"2","889.72"
503,83,"3","1280.64"
711,83,"4","2685.62"
3447,83,"11","4324.39"
2809,83,"3","1182.96"
3161,83,"1","198.22"
1656,84,"7","2455.57"
1553,84,"4","2002.85"
2774,84,"5","1542.68"
1619,84,"10","7031.79"
3182,84,"4","909.45"
1832,84,"8","5739.57"
3087,84,"6","3708.87"
664,84,"5","1939.20"
2625,84,"4","1764.47"
2253,84,"5","1639.55"
1642,84,"5","2307.49"
1556,84,"5","3519.22"
68,84,"3","3842.56"
1654,84,"4","1179.61"
2475,85,"7","6245.25"
2293,85,"5","1410.53"
1234,85,"8","2231.46"
596,85,"3","3836.34"
384,85,"5","2917.59"
800,85,"6","3239.48"
665,85,"8","6260.02"
1202,85,"3","592.29"
2951,85,"9","4729.73"
1157,85,"7","5037.46"
762,85,"5","2347.98"
944,85,"8","1978.01"
3250,85,"6","2762.53"
2220,85,"4","2129.07"
2679,85,"6","3337.87"
608,85,"8","4050.11"
2472,85,"6","4181.00"
662,86,"7","3873.00"
1418,86,"6","2721.14"
1566,86,"4","1597.26"
2890,86,"6","3395.62"
3362,86,"3","558.49"
2894,86,"8","7095.40"
2001,86,"8","5347.87"
1575,86,"4","1050.28"
1170,86,"5","3351.70"
2604,86,"6","2795.79"
1743,86,"7","4448.07"
1590,86,"3","2248.04"
3194,86,"2","649.87"
722,87,"5","2934.44"
735,87,"4","3025.33"
3114,87,"5","2573.60"
1395,87,"3","1471.77"
3150,87,"7","1234.13"
1177,87,"8","2447.05"
2347,87,"9","5640.43"
1857,87,"5","3429.51"
1676,87,"5","4291.11"
3317,87,"4","1213.31"
1281,87,"3","1186.61"
1888,87,"4","3288.04"
612,87,"4","706.56"
2812,87,"6","4558.55"
2598,87,"5","3931.13"
3116,87,"6","2861.63"
1352,88,"3","1151.60"
416,88,"4","2348.41"
240,88,"5","1893.00"
949,88,"6","3644.49"
780,88,"3","798.62"
1946,88,"13","4063.82"
456,88,"5","2183.10"
3009,88,"4","2250.30"
3267,88,"6","4449.68"
2688,88,"3","1017.75"
3265,88,"7","741.13"
2960,88,"3","2935.67"
492,89,"4","2707.90"
3397,89,"2","808.85"
2034,89,"6","2438.26"
743,89,"5","4599.29"
31,89,"4","426.11"
105,89,"4","3475.04"
509,89,"6","4389.73"
734,89,"3","1140.15"
1981,89,"3","2291.97"
2913,89,"6","1548.65"
1020,89,"4","1531.90"
1376,89,"6","4576.53"
2121,89,"9","4204.30"
1932,89,"8","4328.47"
3271,90,"5","1938.79"
2939,90,"4","1600.41"
1307,90,"9","4526.73"
624,90,"3","3352.89"
1247,90,"4","2848.94"
2673,90,"5","1142.54"
920,90,"6","4144.19"
2394,90,"1","745.94"
1645,90,"7","1411.70"
2965,90,"6","2422.72"
3418,90,"5","2033.01"
586,90,"3","2562.47"
1805,90,"4","634.65"
2066,90,"5","2259.29"
1927,90,"5","3658.13"
1347,91,"6","3745.36"
272,91,"7","3842.07"
3168,91,"4","5170.51"
2795,91,"3","2617.22"
375,91,"4","488.00"
860,91,"4","3530.12"
486,91,"5","4915.77"
283,91,"6","4926.57"
568,91,"7","1258.10"
3428,91,"1","509.97"
2594,91,"6","4895.55"
3026,92,"6","1886.60"
1768,92,"2","1821.07"
3063,92,"5","1065.54"
3190,92,"8","2529.30"
257,92,"5","3650.53"
616,92,"4","1696.00"
35,92,"4","3706.51"
299,92,"7","6897.92"
2333,92,"4","2113.90"
2583,92,"4","2652.07"
3245,93,"6","1935.51"
3376,93,"5","2173.36"
2504,93,"5","3270.94"
2925,93,"5","2770.16"
342,93,"4","667.15"
2577,93,"6","2095.22"
2570,93,"7","4345.31"
2371,93,"5","2642.95"
3493,93,"6","3728.88"
1922,93,"3","1580.86"
623,93,"3","1636.89"
1283,93,"2","1012.10"
2973,93,"4","2016.03"
1962,93,"2","758.69"
301,93,"2","89.71"
160,93,"2","2614.16"
399,93,"5","4610.64"
2940,94,"7","4384.62"
678,94,"4","1746.22"
2150,94,"6","2230.22"
1320,94,"6","1835.18"
2885,94,"9","4839.41"
2221,94,"8","4651.26"
1871,94,"4","2220.26"
468,94,"6","4063.59"
3107,95,"4","3159.09"
802,95,"6","2893.20"
512,95,"4","1136.34"
992,95,"2","1500.36"
2742,95,"3","2031.17"
1013,95,"6","2463.79"
2265,95,"3","1988.76"
2830,95,"5","2490.76"
755,95,"3","847.22"
2933,95,"5","1241.68"
1521,95,"2","824.27"
2867,95,"5","1087.18"
2675,95,"5","2643.24"
2494,95,"6","2938.53"
3417,95,"8","3975.14"
3321,96,"3","324.78"
783,96,"5","3498.86"
1652,96,"6","2662.39"
2040,96,"2","1364.05"
3205,96,"6","2261.79"
585,97,"7","2991.86"
1447,97,"7","4553.86"
2956,97,"7","2683.67"
3359,97,"4","1120.87"
1651,97,"5","694.38"
1732,97,"5","2263.39"
474,97,"2","1520.73"
2002,97,"3","1637.46"
658,97,"5","2596.17"
1852,97,"4","3257.66"
3457,97,"3","1802.90"
1774,97,"4","1168.78"
2487,98,"4","2180.75"
569,98,"4","6084.14"
3164,98,"5","2601.59"
2177,98,"5","2762.18"
2667,98,"5","2515.43"
1875,98,"6","3921.26"
162,98,"3","1329.61"
866,98,"5","4753.84"
1119,98,"6","4825.85"
1840,98,"7","2259.16"
1459,98,"4","4557.60"
3450,98,"6","5577.06"
1677,98,"8","2781.56"
2529,98,"7","4083.33"
2613,98,"5","2848.79"
2086,98,"3","949.58"
2970,98,"4","1111.11"
897,98,"7","4883.10"
2037,98,"4","2941.07"
2140,98,"8","4700.15"
2957,98,"3","2844.83"
2267,99,"5","1799.90"
16,99,"5","4521.84"
1093,99,"9","7159.69"
1865,99,"1","690.49"
1874,99,"5","2146.69"
2927,99,"3","2440.02"
3212,99,"7","7666.65"
2818,99,"4","3700.78"
1552,99,"5","5400.32"
2246,99,"4","2217.49"
1604,99,"3","1225.77"
439,99,"6","2750.24"
3246,99,"5","1947.80"
1276,100,"2","969.91"
870,100,"7","3818.97"
948,100,"3","1422.85"
2671,100,"7","3015.83"
1592,100,"4","3348.25"
1562,100,"3","2606.70"
3342,100,"7","2820.79"
170,100,"3","1369.16"
1954,100,"9","5105.49"
1238,101,"5","1110.02"
469,101,"10","4177.21"
392,101,"7","5025.31"
1675,101,"4","3067.06"
2131,101,"6","1160.21"
369,101,"8","3931.77"
3198,101,"4","3989.35"
2562,101,"7","3848.22"
77,101,"3","1657.58"
19,102,"3","2951.79"
3437,102,"5","2340.72"
1339,102,"5","4713.22"
1964,102,"6","4239.32"
1715,102,"3","629.29"
435,102,"4","4727.75"
183,102,"6","3187.84"
97,102,"8","4911.21"
620,103,"8","1981.30"
2777,103,"6","3307.11"
1150,103,"5","6308.28"
1321,103,"7","2398.25"
2852,103,"4","2403.99"
1724,103,"4","958.58"
3128,104,"5","3687.54"
2272,104,"6","3344.13"
1529,104,"1","199.10"
855,104,"4","3050.76"
1533,104,"8","3968.52"
2873,104,"3","2127.43"
2715,104,"5","3221.81"
3001,104,"4","3378.57"
565,104,"10","7079.07"
1535,104,"5","2811.97"
1034,104,"2","1033.56"
2116,105,"4","4128.63"
905,105,"8","3553.28"
1746,105,"6","3706.41"
2889,105,"5","4722.62"
2491,105,"6","2136.18"
573,105,"2","1618.83"
191,105,"1","834.94"
2513,106,"7","3831.16"
2064,106,"5","3327.04"
1249,106,"5","4269.85"
700,106,"8","4618.11"
1464,106,"7","2169.36"
3102,106,"4","2883.51"
1280,106,"4","2799.42"
406,106,"6","3486.14"
914,106,"5","2530.93"
2506,106,"4","3636.97"
3081,106,"6","5502.82"
3432,106,"8","3707.70"
1386,106,"3","2724.72"
3347,107,"5","2978.04"
238,107,"5","3112.57"
2827,107,"5","2208.89"
1908,107,"6","3725.57"
330,107,"6","5296.80"
209,107,"5","3081.07"
1892,107,"5","804.82"
1392,107,"3","3196.27"
1465,107,"4","1429.50"
2291,107,"1","198.22"
2654,108,"9","5504.95"
2519,108,"4","456.63"
3458,108,"4","1804.88"
1430,108,"5","1917.01"
2858,108,"4","3119.32"
194,108,"3","2608.28"
1975,108,"2","79.16"
1173,108,"3","348.62"
1112,108,"3","1217.23"
2503,108,"4","2609.51"
3489,108,"6","2644.44"
427,109,"4","2515.68"
3113,109,"8","4144.86"
2870,109,"2","135.90"
1744,109,"3","539.25"
924,109,"9","3544.44"
2690,109,"4","1082.15"
1099,110,"2","183.20"
1907,110,"4","1014.07"
646,110,"4","2533.41"
3010,110,"4","1903.35"
1463,110,"5","2171.73"
2759,110,"5","3775.90"
3162,110,"2","2133.88"
2948,111,"5","2670.13"
3003,111,"9","5168.14"
2512,111,"6","1594.34"
2510,111,"6","5681.30"
121,111,"4","2892.09"
3221,111,"9","4743.61"
370,111,"7","3290.26"
2211,111,"3","753.26"
42,111,"4","427.04"
882,112,"5","4571.93"
2825,112,"4","1854.53"
2249,112,"5","2057.46"
1680,112,"3","1931.50"
2326,112,"1","309.81"
943,112,"7","6038.52"
247,112,"7","4913.16"
2610,112,"8","5598.91"
988,112,"2","243.94"
1843,112,"4","2132.30"
3340,113,"6","2364.51"
2398,113,"3","746.20"
913,113,"4","2625.44"
3004,113,"5","3550.04"
1101,113,"5","4267.42"
2388,113,"7","5387.65"
1045,113,"3","2038.58"
2857,113,"6","5373.63"
1381,113,"5","4177.61"
389,113,"6","2123.26"
2473,113,"5","2600.73"
2678,113,"5","2932.34"
2156,113,"6","2495.43"
954,113,"4","3624.00"
2721,114,"2","1655.42"
1246,114,"2","1769.48"
1348,114,"5","5915.86"
163,114,"2","1101.28"
2208,114,"6","2177.68"
2478,114,"7","2307.25"
847,114,"4","2521.58"
1416,114,"4","1266.06"
457,115,"5","3680.34"
3323,115,"5","2791.60"
1803,115,"7","3130.64"
294,115,"7","5509.67"
2828,115,"2","262.53"
366,115,"6","2692.70"
3454,115,"5","1340.11"
473,115,"9","8364.66"
2430,115,"4","2664.71"
2605,115,"5","4346.57"
2849,115,"4","1549.82"
674,115,"6","3008.86"
135,115,"6","3254.07"
1945,115,"3","710.07"
3137,116,"7","2841.26"
3188,116,"5","1363.16"
645,116,"7","5192.72"
226,116,"2","1173.86"
1058,116,"3","759.57"
2869,116,"6","1914.91"
67,116,"5","1203.29"
670,116,"4","1542.17"
1350,116,"2","1235.26"
2169,117,"6","5907.85"
1130,117,"5","3784.98"
3483,117,"6","2193.04"
2982,117,"7","6366.75"
1791,117,"6","2595.16"
1285,117,"8","6456.51"
1726,117,"6","4503.36"
2545,117,"3","1970.78"
1951,118,"8","4514.84"
1362,118,"2","1736.45"
3070,119,"4","399.21"
2197,119,"3","378.15"
2646,119,"5","2013.52"
525,119,"8","3584.83"
1704,119,"2","1678.39"
2058,120,"7","3634.98"
1513,120,"6","2071.14"
3364,120,"5","3473.79"
2133,120,"5","3126.84"
3429,121,"4","2242.33"
1412,121,"4","2223.44"
3135,121,"7","3983.97"
2275,121,"6","5688.29"
3029,121,"4","1922.75"
865,121,"7","4261.00"
3416,122,"3","1207.08"
2824,122,"6","5278.02"
3270,122,"5","2201.06"
1796,122,"2","221.12"
805,122,"6","2795.75"
1382,122,"2","1946.89"
2393,122,"2","192.97"
98,122,"5","1930.56"
514,123,"5","2144.29"
2706,123,"3","1343.61"
808,123,"3","2119.72"
2435,123,"5","2656.67"
791,123,"6","3819.00"
306,123,"2","239.35"
378,124,"7","3236.32"
489,124,"5","2073.68"
1138,124,"6","5174.44"
771,124,"6","3155.81"
2250,124,"3","1074.88"
1434,124,"2","1127.95"
3041,124,"2","1211.57"
3260,124,"3","1938.37"
3025,125,"2","1652.30"
348,125,"6","2071.99"
781,125,"5","2256.31"
2147,125,"3","1419.50"
1499,125,"5","2193.86"
2938,125,"5","4655.53"
2744,125,"3","1264.73"
1023,125,"2","492.65"
1995,125,"6","2094.59"
845,125,"3","672.39"
2617,126,"7","6814.22"
1010,126,"3","386.36"
1834,126,"4","4434.93"
1901,127,"7","5809.11"
2979,127,"3","990.59"
3153,127,"5","4732.48"
2035,127,"3","1405.93"
1692,127,"5","1363.77"
1856,127,"2","253.81"
3498,127,"6","3147.33"
501,128,"4","1392.59"
2,128,"3","2226.26"
495,128,"6","4087.04"
1882,128,"6","4054.85"
2649,129,"4","3870.96"
1779,129,"6","5042.00"
3348,129,"3","1136.03"
2983,129,"5","3344.17"
2270,129,"5","5154.68"
1563,129,"4","2877.89"
120,129,"3","1306.78"
1296,130,"4","2793.27"
751,130,"2","96.62"
264,130,"3","198.14"
598,131,"7","3535.56"
242,131,"7","2558.70"
1154,131,"6","958.31"
502,131,"5","2959.58"
1631,131,"5","3048.12"
1433,131,"3","1908.57"
1209,131,"2","1809.69"
71,131,"1","155.65"
3079,131,"4","1903.52"
2061,132,"6","3867.74"
3023,132,"4","661.94"
1228,132,"4","922.34"
275,132,"7","4141.68"
2096,132,"5","4320.42"
3268,132,"6","4250.46"
584,132,"4","1270.21"
1673,133,"3","748.69"
3403,133,"4","3253.38"
1141,133,"5","772.10"
494,133,"2","784.43"
1048,133,"6","1600.67"
343,133,"8","3914.16"
284,133,"5","3251.42"
325,133,"6","4465.08"
1555,133,"7","3107.36"
422,133,"4","2390.84"
449,133,"6","3292.40"
1542,133,"5","1825.32"
400,134,"5","2688.92"
2581,134,"5","3541.70"
248,134,"6","3059.94"
2664,134,"7","3303.71"
18,134,"7","3543.38"
1988,134,"8","6006.40"
1716,134,"2","1444.78"
528,134,"6","4150.06"
3280,134,"8","6881.08"
2959,134,"3","1835.26"
341,134,"2","955.08"
157,135,"3","381.42"
1596,135,"4","2953.23"
1889,135,"5","3710.54"
2118,135,"6","2385.07"
1976,135,"6","1731.63"
1127,136,"4","2285.05"
1679,136,"4","3026.57"
3435,136,"5","2294.25"
1117,136,"9","2524.53"
504,136,"8","2714.76"
3461,136,"7","4233.20"
1689,136,"5","3334.23"
2185,136,"7","5144.36"
65,136,"6","4441.61"
1162,136,"4","1675.31"
1849,136,"6","4077.26"
128,137,"4","2193.06"
3320,137,"10","2739.50"
1397,137,"6","4563.95"
541,137,"5","2755.28"
2148,137,"4","2346.16"
32,138,"7","2823.12"
524,138,"7","2024.53"
3441,138,"5","2119.43"
1876,138,"5","4057.63"
2025,138,"4","2183.55"
2656,138,"7","4142.75"
431,138,"1","1215.34"
2420,139,"3","1749.57"
487,139,"2","687.51"
1635,139,"4","1319.52"
1568,139,"4","3870.48"
1064,139,"3","1398.40"
1053,139,"3","1566.26"
2043,139,"5","3472.24"
848,140,"4","1964.52"
1992,140,"10","6658.89"
3051,140,"4","2117.44"
2532,140,"1","17.87"
232,141,"6","3157.59"
1959,141,"8","3479.22"
1267,141,"4","2557.49"
423,141,"5","1589.82"
1298,141,"5","4113.36"
2238,141,"3","2411.83"
1305,142,"5","2825.00"
3059,142,"2","2731.31"
2724,142,"4","1980.71"
462,142,"6","3600.26"
1385,142,"5","2624.57"
1754,142,"5","3519.51"
2716,143,"4","1036.05"
2255,143,"2","1458.70"
2926,143,"4","1341.68"
774,143,"1","144.26"
3122,143,"5","3920.90"
1637,143,"8","4115.36"
942,143,"4","2859.47"
27,143,"7","3274.25"
784,143,"2","304.07"
1437,143,"3","2636.20"
3500,144,"6","1785.86"
2303,144,"2","969.62"
2829,144,"2","1747.08"
2757,144,"3","3030.83"
2167,144,"6","1539.60"
2517,145,"4","3021.33"
761,145,"5","1896.39"
379,145,"2","640.93"
3180,145,"2","1189.20"
196,146,"8","3738.00"
659,146,"3","2481.28"
2026,146,"4","3447.44"
393,146,"2","866.58"
2151,146,"7","7187.34"
361,146,"7","3428.15"
709,146,"5","3243.30"
2356,146,"4","2674.92"
881,147,"3","2481.43"
991,147,"6","2655.60"
2089,147,"2","119.32"
930,147,"2","150.89"
111,147,"4","3014.53"
2006,147,"5","2255.61"
2978,147,"3","827.71"
2720,148,"4","902.04"
2917,148,"5","3758.87"
2735,148,"2","836.04"
741,148,"5","1091.14"
3471,148,"4","1914.10"
274,149,"4","790.06"
3234,149,"2","943.20"
1275,149,"6","1540.08"
3449,149,"4","1541.16"
2129,149,"2","873.12"
830,149,"6","2506.27"
841,150,"7","8330.09"
2403,150,"4","767.56"
1828,150,"3","757.25"
2553,150,"5","3134.80"
1089,151,"7","2349.29"
2328,151,"1","356.50"
3318,151,"4","3633.95"
1978,152,"2","166.78"
551,152,"4","2850.00"
2315,152,"5","600.76"
1164,153,"3","346.89"
1183,153,"5","4140.91"
3424,153,"2","2056.27"
2264,153,"6","2557.62"
2798,154,"5","799.85"
2186,154,"3","1956.39"
2234,154,"5","1409.35"
521,154,"2","624.90"
286,155,"3","1737.19"
508,155,"6","3533.36"
1002,155,"4","2254.56"
1998,156,"4","2715.83"
3036,156,"5","3750.72"
300,156,"5","3475.90"
2173,157,"4","2250.33"
837,157,"3","1335.81"
644,157,"3","550.00"
2655,157,"6","4527.94"
3033,158,"2","1418.21"
1441,158,"2","562.46"
715,158,"3","2410.24"
152,158,"2","1966.88"
2984,158,"5","3865.97"
3071,158,"4","473.43"
1968,159,"5","1810.03"
1896,159,"3","2411.66"
2068,159,"5","3933.88"
552,159,"4","1577.70"
2287,159,"2","273.70"
2974,159,"2","255.19"
1005,159,"5","4365.25"
141,159,"3","2138.35"
161,159,"1","459.46"
1503,160,"8","7693.78"
3092,160,"3","920.72"
1491,160,"3","1591.33"
3094,161,"7","2859.96"
2259,161,"4","2600.49"
2157,161,"2","338.85"
2321,161,"3","3183.53"
1966,161,"6","1564.56"
326,161,"3","1201.25"
1040,161,"4","1768.43"
1823,161,"6","2266.66"
3414,162,"3","1734.60"
530,162,"3","1751.35"
1036,162,"5","3787.00"
2819,162,"4","2500.31"
2080,162,"6","3454.88"
2346,162,"5","3315.32"
2090,163,"2","289.37"
1160,163,"3","684.52"
3243,163,"4","1202.87"
36,163,"2","204.36"
2663,164,"5","2037.02"
1135,164,"3","1758.98"
3066,164,"4","1516.28"
1403,164,"2","685.43"
1831,165,"8","2147.30"
555,165,"4","3505.63"
1147,165,"6","4173.67"
890,165,"4","1561.06"
3490,166,"5","2379.57"
1836,166,"2","1219.86"
1066,166,"3","1396.98"
349,166,"5","1669.26"
413,167,"5","3822.80"
2456,167,"5","2439.35"
1520,167,"4","1542.00"
269,168,"5","1668.85"
2228,168,"4","1425.27"
73,168,"6","2316.51"
1948,168,"5","2425.34"
2964,168,"2","2411.89"
1772,168,"4","1648.05"
3109,169,"5","3080.63"
2256,169,"3","1461.00"
467,169,"6","3850.32"
2975,169,"3","2020.68"
3078,169,"3","1750.43"
1598,170,"5","2317.99"
2782,170,"5","3450.83"
2059,170,"4","1500.24"
2242,170,"3","898.82"
976,170,"6","3830.68"
1043,170,"7","5718.21"
2968,171,"7","1644.27"
1394,171,"4","1796.62"
2600,171,"3","3233.77"
1800,171,"4","3242.61"
872,171,"1","75.48"
2802,172,"3","456.18"
2941,172,"5","2769.25"
2337,172,"3","398.43"
544,173,"4","2246.42"
956,173,"3","936.98"
2628,173,"4","1808.92"
1786,174,"2","963.62"
3438,174,"5","3180.64"
811,174,"3","496.62"
657,175,"5","2529.90"
1231,175,"2","1718.61"
972,175,"2","2159.00"
2928,175,"5","3739.81"
113,175,"5","2200.48"
2863,175,"1","167.21"
2499,175,"3","2160.75"
708,175,"3","2145.83"
2725,176,"4","353.35"
1294,176,"3","917.32"
3237,176,"7","3919.85"
2271,177,"1","1305.25"
980,177,"5","3071.88"
129,178,"4","2753.75"
2588,178,"3","3493.49"
1369,178,"4","2503.47"
1647,178,"7","3267.50"
1766,178,"5","1829.25"
1051,179,"5","1294.69"
2350,180,"6","1292.23"
1360,181,"3","1906.15"
1605,181,"3","1721.05"
557,181,"2","830.31"
801,182,"2","254.63"
3354,182,"2","1860.56"
2387,182,"2","147.83"
2657,182,"3","2648.85"
1497,182,"6","3022.99"
2243,183,"3","1115.15"
2547,184,"3","703.83"
595,184,"3","2011.16"
2524,184,"6","2222.37"
3037,185,"3","1404.96"
2754,186,"3","3273.01"
411,187,"5","2553.83"
2609,187,"7","2569.94"
2404,187,"5","2978.25"
1060,187,"6","2475.28"
212,187,"2","1790.41"
1271,187,"2","950.12"
1097,188,"3","666.79"
1149,188,"4","2393.31"
448,188,"4","2413.08"
3192,188,"4","2865.09"
922,188,"1","41.13"
3491,189,"4","1430.28"
3005,189,"3","2602.31"
909,189,"5","5289.22"
2634,189,"3","798.28"
1747,190,"4","995.38"
123,191,"4","3245.75"
3333,191,"5","1911.08"
978,192,"5","2890.84"
3053,193,"4","2338.53"
146,194,"2","217.06"
244,194,"3","3269.20"
2145,194,"1","299.27"
2896,194,"2","1319.83"
4,195,"2","220.57"
3381,195,"5","4829.40"
3115,195,"5","4020.91"
2123,195,"6","2289.21"
2902,196,"2","899.76"
2496,196,"5","707.56"
812,197,"2","566.34"
643,197,"4","2308.04"
1458,198,"3","3273.33"
164,198,"3","786.14"
2437,198,"2","375.02"
1380,198,"3","2550.94"
3090,198,"5","3132.29"
592,199,"4","1071.53"
1243,199,"9","4544.16"
578,199,"7","2754.81"
3106,199,"5","3738.75"
2039,199,"4","2094.48"
60,200,"2","647.22"
271,202,"2","1026.27"
1092,202,"5","1245.27"
1560,202,"3","486.61"
641,202,"4","2456.51"
3040,203,"1","1279.40"
1004,203,"6","3600.94"
3442,203,"4","1535.84"
2813,204,"5","3207.87"
1069,204,"5","1982.69"
443,205,"6","3171.14"
1270,205,"4","2113.08"
898,205,"1","179.44"
131,205,"6","5494.91"
600,206,"3","1854.78"
1055,206,"2","343.24"
190,207,"3","699.48"
1109,208,"3","683.20"
2521,208,"3","2105.39"
2225,208,"3","3512.10"
2612,209,"2","1145.41"
3076,209,"4","1904.31"
754,210,"2","93.01"
1842,211,"5","3055.85"
1269,211,"3","935.06"
78,211,"2","82.26"
2091,211,"3","2764.61"
2323,212,"3","1959.79"
2065,215,"4","2071.89"
1387,215,"1","641.64"
3218,216,"4","1382.55"
1620,216,"2","1149.25"
1365,217,"4","818.72"
1661,218,"6","5880.33"
2431,218,"2","167.63"
1175,218,"2","1153.84"
2792,218,"3","1888.83"
2003,219,"2","214.37"
2718,221,"6","3484.03"
591,221,"2","484.96"
3349,221,"5","2496.51"
2429,222,"3","2883.65"
3235,222,"1","574.62"
2416,222,"2","300.09"
373,223,"1","1103.43"
2411,223,"4","3483.39"
2327,224,"3","2601.79"
1017,226,"3","2858.89"
2077,227,"3","2429.72"
3046,228,"5","3229.86"
2835,228,"3","328.77"
1757,229,"1","827.16"
2486,229,"2","1185.85"
1338,231,"2","234.36"
2482,232,"3","1400.83"
1067,232,"2","741.97"
1211,234,"4","1495.94"
2704,235,"3","513.58"
1448,237,"1","128.46"
2030,239,"4","4622.34"
1293,239,"5","4736.69"
1334,240,"2","719.98"
3410,241,"3","1731.84"
1011,242,"3","1399.44"
2739,242,"2","456.42"
778,245,"4","916.32"
3384,247,"5","2050.66"
278,248,"1","827.16"
415,248,"2","1490.77"
575,248,"2","714.24"
3073,251,"3","1264.33"
1819,252,"2","763.90"
7,253,"3","220.11"
713,255,"4","1891.10"
1626,255,"2","1326.15"
2666,256,"4","1424.82"
3496,256,"4","2045.84"
1257,256,"3","1791.15"
1266,257,"2","3405.10"
1708,258,"4","2225.03"
2895,258,"2","950.56"
26,259,"2","268.24"
3175,260,"3","1801.14"
518,261,"3","938.25"
332,263,"2","239.35"
2209,265,"1","445.21"
2551,265,"4","2445.30"
1083,266,"2","880.99"
622,266,"3","1627.69"
2745,267,"2","2772.10"
3179,268,"1","459.46"
910,272,"2","1346.38"
302,276,"2","255.41"
574,277,"4","2172.41"
3284,278,"6","2969.04"
207,279,"3","1630.03"
1658,280,"4","1469.96"
1632,281,"2","853.16"
2911,283,"2","687.51"
1851,285,"2","881.15"
1712,286,"2","781.41"
2224,287,"3","1041.01"
867,293,"6","4743.70"
2882,294,"2","1486.38"
3272,295,"1","41.13"
927,295,"3","1982.12"
434,297,"2","1027.89"
3279,297,"1","690.49"
1943,299,"3","357.79"
3292,301,"1","15.08"
2525,303,"1","217.51"
3091,307,"2","1323.12"
618,308,"2","1202.39"
1778,312,"2","2040.87"
2011,315,"3","560.48"
998,321,"2","585.45"
2876,325,"1","209.84"
822,328,"1","802.26"
1544,329,"1","903.11"
1846,333,"1","356.50"
2135,338,"1","217.51"
2807,353,"1","133.78"
