"customer_id","rfm_recency","rfm_frequency","rfm_monetary"
2150,1,3,2
1067,1,1,1
1147,1,3,4
1283,1,1,1
267,1,2,2
2403,1,1,1
3205,1,3,2
129,1,2,2
2920,1,1,1
972,1,1,2
865,1,3,4
2091,1,1,2
3234,1,1,1
2588,1,1,3
212,1,1,1
575,1,1,1
674,1,3,3
468,1,3,3
162,1,1,1
584,1,1,1
586,1,1,2
242,1,3,2
3053,1,2,2
2649,1,2,3
909,1,2,4
3322,1,1,1
2242,1,1,1
2664,1,4,3
469,1,4,4
238,1,2,3
2521,1,1,2
2594,1,3,4
3403,1,1,3
2197,1,1,1
1542,1,2,1
2430,1,2,2
2742,1,1,2
2876,1,1,1
1948,1,2,2
3318,1,2,3
801,1,1,1
1857,1,2,3
141,1,1,2
1661,1,3,4
2777,1,3,3
1385,1,2,2
2487,1,2,2
1381,1,2,4
427,1,2,2
2610,1,4,4
131,1,3,4
278,1,1,1
3342,1,4,2
1285,1,4,4
3442,1,1,1
2720,1,1,1
1243,1,4,4
1320,1,3,2
1101,1,2,4
413,1,2,3
2654,1,4,4
870,1,3,3
3037,1,1,1
1968,1,2,1
1828,1,1,1
2429,1,1,3
2435,1,3,2
2570,1,3,4
1704,1,1,1
2473,1,2,2
573,1,1,1
544,1,2,2
1856,1,1,1
3435,1,2,2
1865,1,1,1
2387,1,1,1
1562,1,1,2
2221,1,4,4
1796,1,1,1
3364,1,2,3
326,1,1,1
1632,1,1,1
160,1,1,2
2256,1,1,1
2066,1,2,2
168,1,4,4
2034,1,3,2
1724,1,1,1
2524,1,3,2
422,1,2,2
332,1,1,1
3349,1,2,2
3418,1,2,2
2598,1,2,3
389,1,3,2
778,1,1,1
3384,1,2,2
1658,1,1,1
4,1,1,1
3090,1,2,3
274,1,1,1
2157,1,1,1
3091,1,1,1
2725,1,2,1
3218,1,1,1
2267,1,2,1
1803,1,4,3
805,1,3,2
2870,1,1,1
1441,1,1,1
2792,1,1,2
913,1,2,2
2086,1,1,1
157,1,1,1
283,1,3,4
1160,1,1,1
2265,1,1,2
3036,1,2,3
1966,1,3,1
3340,1,3,2
183,1,3,3
802,1,3,3
898,1,1,1
2135,1,1,1
1800,1,1,3
2513,1,3,3
1791,1,3,2
1637,1,4,3
294,1,4,4
1892,1,2,1
3449,1,1,1
3483,1,3,2
1437,1,1,2
42,1,2,1
1786,1,1,1
400,1,2,2
2957,1,1,3
678,1,2,1
2133,1,2,3
812,1,1,1
2824,1,3,4
2503,1,2,2
2420,1,1,1
2059,1,1,1
369,1,4,3
508,1,3,3
3414,1,1,1
914,1,2,2
2715,1,2,3
1851,1,1,1
1849,1,3,3
2869,1,3,2
1680,1,1,2
1448,1,1,1
1754,1,2,3
2021,1,1,1
565,1,4,4
2656,1,3,3
978,1,2,3
3122,1,2,3
2486,1,1,1
3073,1,1,1
1394,1,2,1
1834,1,2,4
1779,1,3,4
645,1,4,4
2759,1,2,3
643,1,2,2
2941,1,2,2
467,1,3,3
2043,1,2,3
2678,1,2,3
2371,1,2,2
32,1,4,2
2553,1,2,3
2704,1,1,1
2287,1,1,1
3046,1,2,3
3192,1,2,3
3429,1,2,2
2337,1,1,1
713,1,2,2
3437,1,2,2
3001,1,1,3
1164,1,1,1
2327,1,1,2
1177,1,4,2
2228,1,1,1
342,1,2,1
3267,1,3,4
1010,1,1,1
3162,1,1,2
1772,1,1,1
2577,1,3,2
1362,1,1,1
264,1,1,1
2807,1,1,1
1083,1,1,1
1294,1,1,1
3076,1,2,2
2323,1,1,2
646,1,2,2
1412,1,2,2
1138,1,3,4
2975,1,1,2
399,1,2,4
867,1,3,4
783,1,2,3
644,1,1,1
3179,1,1,1
998,1,1,1
1521,1,1,1
2209,1,1,1
1992,1,4,4
3243,1,1,1
2984,1,2,3
2605,1,2,4
1676,1,2,4
3128,1,2,3
3135,1,3,3
3078,1,1,1
2896,1,1,1
1596,1,1,3
1888,1,1,3
1843,1,2,2
2873,1,1,2
1058,1,1,1
1382,1,1,2
3416,1,1,1
501,1,1,1
492,1,2,2
3457,1,1,1
27,1,4,3
19,1,1,3
105,1,1,3
1732,1,2,2
373,1,1,1
1296,1,2,2
2849,1,1,1
3106,1,2,3
2519,1,2,1
1097,1,1,1
1376,1,3,4
16,1,2,4
128,1,2,2
113,1,2,2
1896,1,1,2
2600,1,1,3
2827,1,2,2
2754,1,1,3
120,1,1,1
2303,1,1,1
2205,1,1,1
2979,1,1,1
209,1,2,3
504,1,4,2
1805,1,2,1
781,1,2,2
1365,1,1,1
3284,1,3,3
2609,1,3,2
3493,1,3,3
3381,1,2,4
1307,1,4,4
2224,1,1,1
2131,1,3,1
2813,1,2,3
2562,1,3,3
486,1,2,4
3428,1,1,1
3245,1,3,2
1004,1,3,3
1173,1,1,1
1339,1,2,4
77,1,1,1
2512,1,3,1
1766,1,2,2
1387,1,1,1
3175,1,1,1
518,1,1,1
2238,1,1,2
330,1,3,4
3003,1,4,4
3164,1,2,2
3029,1,2,2
300,1,3,3
2532,1,1,1
598,1,4,3
1447,1,3,4
163,1,1,1
514,1,2,2
2863,1,1,1
1175,1,1,1
1962,1,1,1
526,1,1,1
2003,1,1,1
1293,1,2,4
271,1,1,1
657,1,2,2
502,1,2,3
1270,1,2,2
659,1,1,2
2035,1,1,1
2829,1,1,1
741,1,2,1
135,1,3,3
3292,1,1,1
1852,1,1,3
1938,1,1,3
1099,1,1,1
257,1,2,3
2246,1,2,2
3066,1,1,1
2169,1,3,4
416,1,2,2
1499,1,2,2
2272,1,3,3
811,1,1,1
1945,1,1,1
3397,1,1,1
2011,1,1,1
2040,1,1,1
495,1,3,3
302,1,1,1
1978,1,1,1
3500,1,3,1
771,1,3,3
1901,1,4,4
2690,1,1,1
3438,1,2,3
299,1,3,4
3376,1,3,2
196,1,4,3
734,1,1,1
2321,1,1,3
620,1,4,2
2739,1,1,1
2634,1,1,1
3490,1,2,2
406,1,3,3
3347,1,2,3
685,1,3,4
1513,1,3,2
1458,1,1,3
415,1,1,1
3094,1,4,3
595,1,1,2
474,1,1,1
2129,1,1,1
1403,1,1,1
3237,1,3,3
930,1,1,1
1874,1,2,2
2744,1,1,1
1491,1,1,1
1013,1,3,2
860,1,1,3
1048,1,3,1
2857,1,3,4
1907,1,1,1
1109,1,1,1
1768,1,1,1
2347,1,4,4
73,1,3,2
1840,1,3,2
244,1,1,3
161,1,1,1
1846,1,1,1
272,1,3,3
3496,1,2,2
841,1,4,4
2259,1,2,2
2517,1,1,3
379,1,1,1
3023,1,2,1
1392,1,1,3
866,1,2,4
2982,1,3,4
2006,1,2,2
774,1,1,1
2326,1,1,1
448,1,2,2
1005,1,2,4
1995,1,3,2
2025,1,2,2
927,1,1,2
1246,1,1,1
286,1,1,1
3009,1,2,2
449,1,3,3
641,1,2,2
2255,1,1,1
2724,1,2,2
348,1,3,2
1020,1,1,1
2058,1,4,3
111,1,1,3
991,1,3,2
847,1,2,2
3410,1,1,1
194,1,1,2
2211,1,1,1
3270,1,2,2
1238,1,2,1
1416,1,1,1
1397,1,3,4
489,1,2,2
3458,1,2,1
2123,1,3,2
2030,1,2,4
855,1,1,3
1563,1,2,3
1726,1,3,4
3026,1,3,2
3081,1,3,4
942,1,2,3
3265,1,3,1
2437,1,1,1
2830,1,2,2
473,1,4,4
585,1,4,3
670,1,1,1
2825,1,2,2
2858,1,1,3
240,1,2,2
1352,1,1,1
1560,1,1,1
1043,1,4,4
378,1,4,3
1631,1,2,3
1647,1,4,3
948,1,1,1
2065,1,2,2
3190,1,4,2
3188,1,3,1
1876,1,2,3
1975,1,1,1
325,1,3,4
3040,1,1,1
2551,1,2,2
2177,1,2,2
2745,1,1,2
658,1,2,2
2494,1,3,3
568,1,4,1
2926,1,1,1
3221,1,4,4
247,1,3,4
65,1,3,4
2491,1,3,2
3004,1,2,3
988,1,1,1
2208,1,3,2
36,1,1,1
715,1,1,2
2506,1,2,3
1465,1,1,1
494,1,1,1
2346,1,2,3
2882,1,1,1
190,1,1,1
1605,1,1,1
2250,1,1,1
528,1,3,4
2973,1,2,2
2655,1,3,4
2911,1,1,1
954,1,2,3
146,1,1,1
1988,1,4,4
2721,1,1,1
578,1,3,2
226,1,1,1
1017,1,1,3
582,1,2,2
2974,1,1,1
1747,1,1,1
1689,1,2,3
3246,1,2,2
1677,1,4,2
2148,1,2,2
3320,1,4,2
708,1,1,2
2482,1,1,1
1305,1,2,2
60,1,1,1
2925,1,2,2
3005,1,1,2
1060,1,3,2
1692,1,3,1
1679,1,1,3
1045,1,1,2
3102,1,1,3
521,1,1,1
905,1,4,3
2819,1,2,2
3198,1,2,3
1932,1,4,4
616,1,2,1
1645,1,4,1
1135,1,1,1
2716,1,1,1
26,1,1,1
2938,1,2,4
1875,1,3,3
2151,1,3,4
2431,1,1,1
1819,1,1,1
7,1,1,1
2959,1,1,2
848,1,2,2
121,1,1,3
1871,1,2,2
2529,1,3,3
1211,1,1,1
2264,1,3,2
882,1,2,4
152,1,1,2
2388,1,4,4
3317,1,1,1
18,1,4,3
1034,1,1,1
3323,1,2,2
1023,1,1,1
591,1,1,1
530,1,1,1
1360,1,1,2
1981,1,1,2
2964,1,1,2
1831,1,4,2
3454,1,3,1
1555,1,4,3
1598,1,2,2
2090,1,1,1
2939,1,1,1
2706,1,1,1
2416,1,1,1
349,1,2,1
709,1,2,3
2315,1,2,1
2688,1,1,1
1712,1,1,1
2350,1,3,1
1651,1,2,1
3471,1,2,2
1040,1,2,1
457,1,2,3
2757,1,1,3
735,1,1,3
2965,1,3,2
1744,1,1,1
1269,1,1,1
2583,1,2,2
2913,1,3,1
3059,1,1,2
569,1,1,4
1162,1,2,1
1544,1,1,1
1842,1,2,3
3150,1,4,1
1583,1,1,3
3432,1,4,3
755,1,1,1
1463,1,3,2
3498,1,3,3
2970,1,1,1
2173,1,2,2
2828,1,1,1
1943,1,1,1
3109,1,2,3
2167,1,3,1
1380,1,1,2
2835,1,1,1
2496,1,2,1
910,1,1,1
509,1,3,4
3070,1,2,1
2798,1,2,1
2456,1,2,2
2291,1,1,1
3137,1,4,3
3063,1,2,1
2628,1,2,1
1535,1,2,2
1266,1,1,3
2613,1,2,3
592,1,1,1
1889,1,2,3
2510,1,3,4
3333,1,2,2
3279,1,1,1
890,1,1,1
2002,1,1,1
922,1,1,1
525,1,4,3
1271,1,1,1
2657,1,1,2
808,1,1,2
462,1,3,3
301,1,1,1
361,1,4,3
269,1,2,1
1464,1,3,2
3348,1,1,1
1249,1,2,4
2398,1,1,1
700,1,4,4
2928,1,2,3
164,1,1,1
872,1,1,1
2673,1,2,1
2147,1,1,1
1183,1,2,3
761,1,2,2
1552,1,3,4
1433,1,1,2
1044,1,2,2
949,1,3,3
1954,1,4,4
2696,1,2,3
2956,1,3,2
2394,1,1,1
1533,1,4,3
784,1,1,1
1774,1,1,1
2671,1,4,3
35,1,2,3
2270,1,2,4
2504,1,2,3
1051,1,2,1
2249,1,2,2
2581,1,2,3
2404,1,2,3
1066,1,1,1
393,1,1,1
3115,1,2,3
1497,1,3,3
722,1,2,3
275,1,3,3
2118,1,3,2
1628,1,1,2
2795,1,1,2
2978,1,1,1
956,1,1,1
1529,1,1,1
1434,1,1,1
1338,1,1,1
2499,1,1,2
248,1,3,3
1604,1,1,1
423,1,2,1
1675,1,1,3
3424,1,1,2
2068,1,2,3
2895,1,1,1
1127,1,2,2
1927,1,3,3
2478,1,3,2
822,1,1,1
1882,1,3,3
1209,1,1,1
1430,1,2,2
2061,1,3,3
2271,1,1,1
881,1,1,2
3114,1,2,2
552,1,1,1
837,1,1,1
2612,1,1,1
3116,1,3,3
1959,1,4,3
1708,1,2,2
306,1,1,1
3441,1,2,2
1117,1,4,2
1130,1,2,3
1503,1,4,4
1036,1,2,3
551,1,2,3
3168,1,1,4
780,1,1,1
2735,1,1,1
2121,1,4,4
2983,1,2,3
439,1,3,2
2927,1,1,2
1011,1,1,1
2666,1,1,1
1228,1,1,1
2140,1,4,4
2933,1,2,1
1823,1,3,2
2948,1,2,2
1369,1,2,2
3280,1,4,4
2675,1,2,2
1348,1,2,4
3153,1,2,4
2667,1,2,2
574,1,2,2
1350,1,1,1
2917,1,2,3
232,1,3,3
2243,1,1,1
1321,1,3,2
791,1,3,3
1149,1,2,2
31,1,2,1
284,1,2,3
2275,1,3,4
2393,1,1,1
845,1,1,1
3260,1,1,2
170,1,1,1
980,1,2,3
2889,1,2,4
3461,1,3,4
207,1,1,1
487,1,1,1
1247,1,2,3
3180,1,1,1
411,1,2,2
2968,1,4,1
2186,1,1,2
1055,1,1,1
3235,1,1,1
2852,1,2,2
1673,1,1,1
1964,1,3,4
1347,1,3,3
1064,1,1,1
897,1,3,4
557,1,1,1
1112,1,1,1
2116,1,1,3
3489,1,3,2
3010,1,2,2
3079,1,2,2
2617,1,3,4
2411,1,1,3
1395,1,1,1
1715,1,1,1
97,1,4,4
2328,1,1,1
98,1,2,2
2867,1,2,1
976,1,3,3
3491,1,1,1
2818,1,2,3
1459,1,2,4
1746,1,3,3
435,1,2,4
3450,1,3,4
2902,1,1,1
1922,1,1,1
3268,1,3,4
1998,1,2,2
1568,1,2,3
71,1,1,1
1280,1,2,2
2096,1,2,4
924,1,4,3
1946,1,4,3
2037,1,1,3
1592,1,1,3
1053,1,1,1
600,1,1,2
2525,1,1,1
2185,1,4,4
2547,1,1,1
1276,1,1,1
2145,1,1,1
1626,1,1,1
920,1,3,3
2940,1,3,4
78,1,1,1
2960,1,1,3
2026,1,1,3
2156,1,3,2
512,1,1,1
623,1,1,1
3271,1,2,2
1154,1,3,1
3107,1,1,3
3033,1,1,1
366,1,3,2
1951,1,4,4
2225,1,1,3
3272,1,1,1
1119,1,3,4
622,1,1,1
434,1,1,1
1976,1,3,1
2064,1,2,3
992,1,1,1
443,1,3,3
1093,1,4,4
375,1,2,1
1652,1,3,2
1716,1,1,1
599,1,2,4
1275,1,3,1
1092,1,2,1
1386,1,1,2
1334,1,1,1
555,1,1,3
2802,1,1,1
2545,1,1,2
1089,1,3,2
830,1,3,2
751,1,1,1
1069,1,2,2
1298,1,2,3
618,1,1,1
839,1,1,1
2718,1,3,3
2039,1,2,2
1620,1,1,1
431,1,1,1
1231,1,1,1
2252,1,2,2
1520,1,1,1
1281,1,1,1
1635,1,1,1
3051,1,2,2
1836,1,1,1
612,1,2,1
3071,1,2,1
341,1,1,1
1150,1,2,4
2077,1,1,2
2782,1,2,3
743,1,2,4
2234,1,2,1
754,1,1,1
1908,1,3,3
67,1,2,1
2,1,1,2
2080,1,3,3
892,1,4,3
392,1,3,4
2885,1,4,4
3212,1,4,4
1778,1,1,2
3041,1,1,1
2089,1,1,1
1257,1,1,1
370,1,4,3
2663,1,2,2
3025,1,1,1
2333,1,2,2
1002,1,2,2
2646,1,2,2
3321,1,1,1
1757,1,1,1
2812,1,3,4
624,1,1,3
1141,1,2,1
1267,1,2,2
943,1,4,4
3113,1,4,3
343,1,4,3
3354,1,1,2
191,1,1,1
2356,1,2,2
3359,1,1,1
123,1,1,3
3092,1,1,1
3417,1,4,3
541,1,2,2
456,1,3,2
524,1,3,2
3497,2,1,1
2146,2,1,1
1284,2,1,1
807,2,2,2
2336,2,4,4
2963,2,2,1
1797,2,4,4
2222,2,3,3
1090,2,4,1
1418,2,3,2
1911,2,1,1
206,2,2,3
1659,2,4,3
2384,2,3,3
2397,2,4,3
1977,2,2,2
1501,2,2,1
103,2,2,1
1612,2,1,3
1375,2,2,2
1462,2,2,2
510,2,1,1
2141,2,2,2
3439,2,3,2
1808,2,4,4
1256,2,3,2
463,2,3,3
355,2,2,2
1200,2,4,3
601,2,2,1
3039,2,4,4
2290,2,3,4
2625,2,2,1
597,2,2,2
2324,2,1,1
1879,2,3,2
2644,2,1,1
11,2,3,3
2563,2,2,1
711,2,2,2
2453,2,3,2
2554,2,2,3
2107,2,1,1
604,2,3,4
1622,2,1,1
3499,2,3,4
986,2,4,4
417,2,3,3
1543,2,1,1
1666,2,1,1
2669,2,1,1
3160,2,2,3
3230,2,2,3
1657,2,3,2
2518,2,2,4
638,2,4,3
2342,2,1,2
672,2,1,3
2549,2,2,2
2216,2,1,1
2244,2,2,1
3314,2,3,2
2457,2,3,2
733,2,4,4
1929,2,3,2
629,2,4,2
2322,2,2,2
1510,2,1,2
3075,2,3,2
385,2,4,4
2220,2,2,2
394,2,4,4
2767,2,1,1
3141,2,3,1
1354,2,1,2
2788,2,4,4
1783,2,4,4
3281,2,1,1
878,2,1,2
397,2,2,2
602,2,2,2
1742,2,3,2
2362,2,1,1
3138,2,1,3
3101,2,2,1
853,2,4,4
3052,2,1,1
479,2,4,3
2516,2,1,1
2924,2,2,2
2931,2,3,1
1660,2,3,2
2820,2,3,4
2758,2,1,1
2162,2,2,1
2797,2,3,1
2093,2,3,3
1192,2,2,1
2348,2,1,1
3336,2,3,4
1261,2,3,1
519,2,2,2
740,2,2,2
688,2,1,3
3187,2,2,1
3460,2,4,4
1683,2,4,4
2981,2,3,2
2962,2,1,1
2442,2,3,2
1939,2,1,1
2472,2,3,4
3378,2,1,3
571,2,1,2
1151,2,2,3
3064,2,3,2
1574,2,4,3
158,2,3,4
3083,2,3,2
261,2,4,3
496,2,1,1
750,2,3,4
2134,2,2,3
712,2,4,4
1573,2,2,2
2233,2,3,2
2262,2,1,1
2294,2,3,4
880,2,1,1
1039,2,4,4
2909,2,3,4
3028,2,2,3
472,2,2,3
2943,2,3,2
1727,2,4,3
55,2,4,3
3492,2,1,2
1807,2,3,2
2630,2,4,4
1372,2,3,3
2196,2,2,1
1146,2,1,1
2854,2,2,2
899,2,3,1
935,2,4,4
2269,2,4,4
2334,2,1,1
814,2,1,2
1793,2,3,4
1546,2,3,2
2056,2,1,1
1377,2,2,2
2989,2,4,4
3276,2,2,3
2781,2,1,1
679,2,4,3
1022,2,2,4
1235,2,1,3
2711,2,3,2
107,2,2,2
531,2,2,1
3273,2,3,4
997,2,4,3
1325,2,1,1
2231,2,1,2
1678,2,4,4
1980,2,4,4
2188,2,3,4
982,2,3,1
779,2,2,2
1286,2,3,2
836,2,2,1
114,2,2,2
627,2,2,4
3346,2,1,1
1693,2,3,4
1227,2,4,3
2178,2,2,1
2930,2,3,3
1775,2,2,2
3111,2,2,2
727,2,3,3
499,2,4,3
1258,2,4,4
3426,2,3,3
1417,2,3,3
150,2,2,2
1534,2,4,3
888,2,2,2
1569,2,1,1
2861,2,4,4
1838,2,2,4
1415,2,1,3
2912,2,4,4
3476,2,2,1
3093,2,4,3
2756,2,1,1
223,2,3,4
455,2,1,1
2004,2,2,3
2722,2,3,2
2202,2,4,4
3465,2,4,4
1424,2,1,1
2595,2,4,4
1839,2,3,2
402,2,3,4
6,2,2,3
2806,2,4,3
3466,2,1,1
1065,2,3,2
2991,2,3,2
3389,2,3,4
1674,2,2,1
2253,2,2,1
2207,2,3,3
3266,2,3,2
2599,2,3,4
2604,2,3,2
2413,2,3,4
1641,2,4,4
3061,2,4,3
2355,2,2,4
929,2,2,2
3134,2,3,4
540,2,3,1
2734,2,1,1
2596,2,2,3
664,2,2,2
2907,2,4,4
1649,2,1,3
2164,2,4,3
1489,2,2,1
692,2,4,4
471,2,3,3
1255,2,1,1
490,2,4,4
1176,2,1,1
3385,2,1,1
770,2,3,4
1736,2,3,3
205,2,4,2
579,2,4,4
581,2,2,2
762,2,2,2
3242,2,4,4
1383,2,1,3
28,2,3,3
2534,2,3,2
2771,2,2,4
2292,2,3,4
1899,2,2,2
441,2,1,1
9,2,3,2
1915,2,2,2
2124,2,3,3
228,2,2,3
2293,2,2,1
2052,2,4,3
3396,2,1,1
437,2,3,3
506,2,4,4
1832,2,4,4
482,2,4,4
2821,2,2,1
1330,2,3,4
414,2,3,2
424,2,3,3
403,2,3,3
3287,2,1,3
2014,2,3,4
1337,2,3,3
3404,2,2,2
1189,2,1,1
3474,2,2,2
1031,2,1,1
1556,2,2,3
1490,2,2,2
1699,2,4,3
388,2,1,2
1180,2,2,2
3189,2,1,1
3406,2,4,4
2567,2,2,2
88,2,3,2
2419,2,4,2
2691,2,4,3
1225,2,2,2
3108,2,4,4
2463,2,4,4
630,2,3,3
1278,2,2,1
1198,2,3,2
2223,2,4,3
726,2,1,3
2115,2,1,1
2568,2,1,1
3038,2,3,3
883,2,2,1
1251,2,1,1
1009,2,2,2
3146,2,3,4
2526,2,3,2
967,2,2,3
1973,2,1,3
2776,2,2,2
3423,2,2,1
1368,2,3,3
2894,2,4,4
1364,2,2,2
3327,2,4,3
1877,2,3,1
1725,2,4,4
1037,2,3,2
2615,2,4,4
2144,2,4,4
3069,2,1,1
2945,2,1,1
1016,2,3,1
358,2,1,1
1389,2,4,4
3166,2,3,4
816,2,1,1
2972,2,1,1
1512,2,2,2
1245,2,3,2
2784,2,1,1
1336,2,3,3
1642,2,2,2
2890,2,3,3
2679,2,3,3
2765,2,3,3
1248,2,1,1
800,2,3,3
2015,2,3,3
608,2,4,3
3045,2,3,4
846,2,1,2
2881,2,3,3
3250,2,3,2
2373,2,2,2
3195,2,4,3
3165,2,4,3
1426,2,3,3
1163,2,2,1
690,2,3,3
1514,2,4,3
3405,2,4,4
2866,2,2,2
764,2,1,1
336,2,2,2
965,2,2,3
1572,2,3,4
1777,2,3,2
2572,2,4,4
2104,2,4,2
2069,2,3,4
663,2,2,2
1595,2,3,4
714,2,4,3
3341,2,1,1
125,2,4,3
864,2,3,4
2951,2,4,4
354,2,3,3
1003,2,4,4
3019,2,1,1
2998,2,1,2
493,2,1,1
2576,2,3,2
2406,2,1,1
984,2,4,2
1940,2,1,3
1475,2,4,4
2900,2,1,2
911,2,2,1
863,2,2,1
1784,2,1,1
383,2,1,1
3161,2,1,1
944,2,4,2
1222,2,1,1
655,2,3,4
1566,2,1,1
603,2,4,3
1213,2,4,4
2701,2,4,4
861,2,2,1
2305,2,2,2
2230,2,4,3
938,2,4,4
3068,2,3,3
2493,2,1,2
3194,2,1,1
2390,2,4,4
2590,2,3,4
268,2,2,2
1472,2,3,4
1920,2,1,1
2359,2,4,2
2274,2,1,1
1482,2,4,4
2232,2,3,2
2343,2,1,3
430,2,3,4
1085,2,1,1
2166,2,3,3
1309,2,1,1
454,2,3,4
1729,2,3,3
2119,2,2,2
1157,2,3,4
3021,2,4,3
438,2,4,4
2245,2,4,3
842,2,2,2
3097,2,1,2
3369,2,3,2
1218,2,3,4
2950,2,1,1
2906,2,1,1
596,2,1,3
3392,2,1,1
748,2,4,3
1539,2,4,3
1212,2,1,2
2099,2,3,4
3177,2,3,2
2891,2,3,4
255,2,4,4
1230,2,1,1
2142,2,4,4
2314,2,1,2
1063,2,3,3
2363,2,3,3
1936,2,4,3
1541,2,2,3
671,2,3,4
112,2,3,4
311,2,3,3
166,2,4,4
436,2,1,2
3456,2,1,2
2409,2,4,3
83,2,3,1
3144,2,1,1
1682,2,3,4
2051,2,3,4
3313,2,3,2
3173,2,3,4
2395,2,1,1
1479,2,2,1
2564,2,2,1
2699,2,2,1
828,2,2,1
2670,2,1,1
3247,2,4,3
426,2,4,4
1202,2,1,1
3343,2,3,1
1859,2,2,2
93,2,1,3
3308,2,1,1
386,2,2,2
1114,2,2,1
2446,2,4,4
1080,2,1,2
3214,2,1,3
14,2,1,1
1187,2,1,1
738,2,4,4
702,2,1,2
1667,2,4,4
2587,2,4,4
3291,2,2,2
2766,2,3,4
961,2,1,1
2444,2,1,3
2349,2,2,2
2423,2,1,1
699,2,1,1
3334,2,4,2
82,2,2,3
3360,2,4,4
2460,2,1,1
2769,2,3,4
2790,2,1,1
1096,2,2,2
1891,2,3,3
1046,2,2,2
2638,2,4,3
2738,2,1,1
1324,2,3,2
1279,2,3,2
2804,2,4,3
1654,2,1,1
3017,2,3,3
2307,2,4,3
1047,2,4,2
491,2,3,2
2637,2,4,4
1496,2,2,3
803,2,3,1
2449,2,3,4
420,2,4,3
1799,2,2,2
2508,2,4,4
3380,2,2,2
874,2,4,2
198,2,4,4
2579,2,1,1
1131,2,4,4
1469,2,3,2
1741,2,1,2
2084,2,1,1
2507,2,1,3
1717,2,2,2
1614,2,3,2
2019,2,4,4
2727,2,2,4
2483,2,1,1
895,2,1,2
2200,2,1,1
175,2,3,2
2785,2,3,3
2953,2,2,3
947,2,2,3
535,2,1,1
773,2,4,4
1960,2,2,2
3015,2,4,4
606,2,3,2
169,2,1,1
153,2,4,4
390,2,2,1
2898,2,2,2
1208,2,2,3
450,2,1,2
1587,2,2,1
3481,2,3,2
2313,2,3,3
2161,2,2,2
3240,2,4,4
38,2,2,2
334,2,3,2
787,2,4,4
391,2,1,1
1427,2,3,3
428,2,4,3
3297,2,3,1
1268,2,1,1
2226,2,4,3
46,2,2,1
2897,2,2,2
2181,2,4,1
3377,2,4,3
1559,2,4,4
104,2,4,3
1782,2,2,3
3055,2,4,4
648,2,3,4
3072,2,4,3
1201,2,1,1
63,2,1,2
537,2,1,1
3401,2,3,3
319,2,2,3
2316,2,1,1
827,2,4,3
2317,2,2,2
304,2,4,2
1814,2,3,2
1205,2,4,4
1749,2,1,1
963,2,4,4
3121,2,3,3
3387,2,4,4
3365,2,3,3
192,2,1,1
3171,2,1,2
2045,2,4,4
231,2,2,2
3087,2,3,3
2635,2,4,4
871,2,4,3
61,2,3,4
3430,2,3,1
567,2,2,1
1755,2,3,3
2311,2,3,4
2424,2,3,2
971,2,2,3
2681,2,2,2
810,2,1,1
2163,2,2,1
2073,2,3,2
2248,2,4,3
3002,2,4,3
497,2,1,1
1553,2,2,2
1862,2,4,3
347,2,4,4
919,2,4,4
607,2,4,4
3034,2,2,2
2602,2,3,3
331,2,3,4
1107,2,3,2
130,2,1,1
1215,2,4,3
2589,2,2,3
959,2,3,2
1743,2,3,4
2593,2,1,1
3206,2,4,3
1609,2,2,3
3310,2,2,3
2368,2,3,4
1670,2,4,4
2497,2,1,3
1439,2,2,2
1900,2,1,1
2934,2,3,3
3104,2,3,3
1955,2,1,1
2514,2,1,2
1816,2,2,2
2174,2,3,3
1526,2,3,3
3099,2,1,2
1169,2,3,4
2774,2,2,1
809,2,2,1
3304,2,4,4
763,2,3,3
3447,2,4,4
3167,2,1,3
317,2,2,3
1401,2,2,2
1260,2,2,2
1971,2,3,4
2571,2,1,2
893,2,3,4
996,2,3,4
1898,2,3,4
2219,2,2,3
1457,2,3,2
1474,2,2,1
75,2,4,4
2853,2,4,4
3208,2,3,3
1669,2,3,3
3207,2,2,1
2258,2,3,3
2158,2,2,1
252,2,2,2
3050,2,4,4
2047,2,1,2
1557,2,3,4
2809,2,1,1
444,2,3,3
3103,2,4,4
1728,2,3,3
2560,2,4,4
118,2,2,3
2299,2,3,3
960,2,1,3
1400,2,3,4
3248,2,1,1
1789,2,1,2
1082,2,2,2
2309,2,4,4
2810,2,3,1
2175,2,1,3
3024,2,1,3
365,2,3,4
2753,2,4,4
3196,2,4,3
749,2,4,2
1935,2,3,3
1958,2,1,1
3463,2,1,1
2783,2,4,2
1952,2,4,3
3224,2,4,3
241,2,2,2
2921,2,2,2
1665,2,4,3
1735,2,2,2
1335,2,4,3
2402,2,1,1
3325,2,3,3
2743,2,1,1
138,2,4,3
1168,2,4,4
2193,2,1,3
2619,2,1,2
2153,2,3,3
229,2,2,1
1615,2,3,4
3415,2,3,4
2845,2,4,2
2834,2,1,2
3148,2,3,3
1656,2,3,2
3182,2,1,1
356,2,2,2
3294,2,2,2
2087,2,2,1
2203,2,2,3
1801,2,4,3
421,2,3,3
2668,2,2,1
610,2,4,3
96,2,1,1
3145,2,3,3
3453,2,3,2
698,2,1,1
2893,2,1,3
2459,2,4,4
3184,2,4,4
2475,2,3,4
2302,2,1,2
1170,2,2,3
54,2,3,3
1322,2,2,3
503,2,1,1
3484,2,4,4
2700,2,1,1
665,2,4,4
1580,2,4,3
243,2,2,2
2257,2,2,4
2936,2,3,4
1139,2,1,1
1421,2,3,2
1277,2,1,1
1737,2,1,3
3311,2,2,1
1366,2,2,1
2407,2,2,1
1508,2,2,3
2001,2,4,4
894,2,4,3
1234,2,4,2
2580,2,4,4
2206,2,1,1
3215,2,3,4
628,2,2,1
2078,2,2,2
1890,2,4,4
48,2,4,4
2640,2,4,4
1241,2,3,2
3296,2,4,4
1410,2,4,4
1902,2,2,2
862,2,1,1
1904,2,1,1
1997,2,2,3
2405,2,2,2
2000,2,1,1
1640,2,3,2
1733,2,2,3
952,2,3,3
292,2,4,3
1528,2,4,4
1621,2,2,1
3213,2,2,2
1662,2,2,1
619,2,4,3
1686,2,4,4
1710,2,1,1
43,2,4,3
2187,2,4,4
813,2,2,1
775,2,4,3
2474,2,3,4
3459,2,1,2
2289,2,2,3
1916,2,3,4
650,2,3,3
2016,2,3,2
2344,2,3,2
1909,2,3,3
68,2,1,3
587,2,3,3
2582,2,3,3
1619,2,4,4
626,2,4,3
2139,2,2,4
737,2,3,4
2569,2,3,3
2910,2,4,3
1765,2,3,4
3289,2,3,3
1575,2,1,1
1756,2,1,2
1287,2,4,4
1442,2,1,1
12,2,4,3
2298,2,2,2
214,2,3,2
879,2,1,1
1206,2,1,1
384,2,3,3
677,2,2,1
1100,2,1,1
2286,2,2,3
662,2,3,3
2643,2,1,1
2874,2,4,4
1391,2,1,2
566,2,1,2
931,2,2,3
2351,2,4,4
2180,2,2,3
3062,2,3,3
3434,2,2,2
2048,2,3,4
2440,2,1,1
181,2,2,2
757,2,2,3
1590,2,1,2
3398,2,2,2
2883,2,4,4
339,2,2,4
875,2,3,4
1984,2,3,4
159,2,3,3
265,2,2,2
51,2,4,4
1025,2,4,1
2160,2,3,2
868,2,3,4
2455,2,4,4
2353,2,4,4
901,2,2,3
999,2,4,4
732,2,2,3
940,2,2,3
249,2,4,2
2662,2,4,4
1075,2,3,2
3172,2,2,1
1057,2,1,3
446,2,4,4
1220,2,2,2
1880,2,2,4
2041,2,3,3
2764,2,1,1
1072,2,1,2
1582,2,2,2
1436,2,2,3
263,2,4,3
2918,2,4,3
1323,2,3,1
1224,2,3,4
1593,2,3,3
451,2,3,2
1982,2,4,3
547,2,3,3
2049,2,2,2
2235,2,3,3
282,2,1,1
1750,2,3,4
3233,2,1,1
1897,2,3,2
3367,2,3,4
3362,2,1,1
3409,2,4,3
3477,2,4,4
889,3,2,2
2726,3,4,4
380,3,4,4
2952,3,2,2
1432,3,3,3
632,3,1,1
609,3,2,2
2901,3,4,4
647,3,4,4
2703,3,3,3
2697,3,3,4
1694,3,3,4
176,3,2,3
2438,3,4,3
583,3,2,2
2101,3,4,4
2331,3,3,3
562,3,2,2
1310,3,2,2
3264,3,4,4
1847,3,1,2
3345,3,3,1
2636,3,1,1
3263,3,2,1
3388,3,4,3
2433,3,4,4
1820,3,4,4
2170,3,3,4
1809,3,3,3
3047,3,2,3
1653,3,2,3
2468,3,4,4
314,3,4,3
2201,3,3,4
227,3,2,3
372,3,4,2
445,3,4,4
3249,3,4,4
682,3,4,4
1262,3,1,1
1113,3,4,4
1711,3,3,2
85,3,3,1
1477,3,4,4
2138,3,4,4
1007,3,4,3
950,3,4,3
1671,3,1,1
1030,3,4,4
1870,3,3,4
59,3,1,2
1517,3,4,4
1106,3,4,4
2126,3,2,1
1841,3,1,1
1606,3,2,2
3027,3,2,1
2578,3,2,2
1967,3,3,4
1974,3,2,1
1924,3,1,1
412,3,1,1
2592,3,4,4
2132,3,4,4
2887,3,4,4
936,3,4,4
3412,3,2,2
1021,3,4,4
3302,3,3,2
857,3,2,3
1613,3,4,3
2533,3,1,1
1078,3,2,1
210,3,3,3
1295,3,3,2
1550,3,3,3
458,3,2,1
3011,3,1,1
2501,3,3,1
1111,3,3,2
1788,3,4,4
2095,3,4,4
1370,3,1,1
2665,3,1,3
2488,3,3,2
2214,3,2,2
939,3,2,1
1431,3,1,1
1761,3,2,3
2601,3,4,4
323,3,3,2
1006,3,4,4
2755,3,4,4
2685,3,3,3
720,3,4,4
1817,3,4,4
2919,3,3,3
795,3,2,2
2546,3,1,1
2110,3,3,2
2176,3,1,2
2872,3,4,3
724,3,4,4
2832,3,4,3
1881,3,3,4
3170,3,3,4
72,3,2,2
1531,3,3,3
2018,3,3,2
3436,3,4,3
3399,3,1,3
1858,3,4,4
3120,3,3,4
221,3,3,3
1178,3,4,4
90,3,4,3
1042,3,1,2
1191,3,4,1
923,3,4,3
2684,3,4,4
2159,3,2,1
788,3,3,4
1422,3,4,1
305,3,3,2
3408,3,3,1
1041,3,2,2
1949,3,4,3
2067,3,4,3
590,3,4,4
453,3,4,2
259,3,2,2
2441,3,1,1
3252,3,3,2
3351,3,3,3
2540,3,4,3
1734,3,1,1
2944,3,3,1
1494,3,4,4
3143,3,4,3
2198,3,2,2
2586,3,1,1
2024,3,3,3
818,3,3,3
1672,3,4,4
896,3,1,1
542,3,3,2
2645,3,3,1
1226,3,2,1
3329,3,2,2
2283,3,3,4
560,3,3,3
1204,3,1,1
1388,3,3,3
219,3,3,1
746,3,3,1
1398,3,4,4
3201,3,4,4
1409,3,2,2
1581,3,4,3
2803,3,3,2
1414,3,1,1
2094,3,2,1
1024,3,4,4
29,3,4,4
1919,3,2,2
1685,3,1,1
617,3,2,2
3020,3,4,2
208,3,2,3
2629,3,2,3
1196,3,3,1
1928,3,1,1
1374,3,4,4
197,3,4,3
1311,3,1,3
2626,3,2,2
2171,3,3,1
2717,3,4,4
1186,3,1,1
1019,3,2,2
527,3,1,1
1172,3,2,3
396,3,3,4
2614,3,1,3
2591,3,3,4
2682,3,4,3
2541,3,1,2
1630,3,1,2
2237,3,3,2
3014,3,4,4
280,3,4,4
747,3,1,1
1152,3,4,4
1933,3,4,4
1493,3,4,4
1752,3,4,3
1015,3,3,2
1420,3,2,2
1193,3,1,1
1181,3,4,4
3370,3,3,3
401,3,4,3
277,3,2,2
3319,3,3,2
8,3,4,4
335,3,1,1
295,3,3,4
1229,3,4,3
1785,3,3,2
1989,3,1,1
2723,3,4,4
3000,3,1,3
184,3,1,2
3274,3,2,1
666,3,2,2
1124,3,1,2
1853,3,4,4
815,3,3,4
1771,3,2,2
1646,3,3,4
137,3,2,1
2375,3,4,4
308,3,3,3
2916,3,2,1
3371,3,4,4
1811,3,4,4
1601,3,2,2
2652,3,2,4
3204,3,4,3
3383,3,3,4
2354,3,2,3
676,3,3,3
1579,3,4,4
1961,3,1,3
651,3,1,3
588,3,2,3
432,3,4,4
484,3,1,1
1344,3,1,1
1406,3,3,2
273,3,4,4
1714,3,3,3
251,3,1,1
554,3,1,1
15,3,3,1
2631,3,1,1
303,3,1,3
1349,3,3,2
2888,3,3,4
2787,3,3,4
3391,3,2,2
480,3,1,1
1237,3,4,4
2338,3,4,3
1821,3,4,4
3444,3,1,1
2842,3,1,1
838,3,2,2
2986,3,4,4
1844,3,3,3
3285,3,2,2
2648,3,2,4
549,3,4,3
1443,3,4,4
2985,3,4,4
1850,3,4,4
1126,3,2,2
3390,3,2,3
2277,3,2,2
1476,3,1,1
3482,3,4,4
3124,3,1,1
2357,3,2,2
1340,3,4,2
2155,3,4,4
994,3,2,2
2692,3,1,1
1223,3,4,2
45,3,1,1
2799,3,4,4
1718,3,2,1
3174,3,3,2
1639,3,3,4
477,3,2,3
2996,3,1,1
558,3,4,3
179,3,1,1
546,3,3,4
2097,3,3,4
1551,3,4,4
1059,3,1,1
915,3,2,1
1214,3,2,3
701,3,3,2
1719,3,2,2
250,3,3,3
1486,3,2,3
2915,3,3,1
2801,3,1,1
968,3,3,4
2871,3,3,2
202,3,1,1
3219,3,4,2
2971,3,1,1
147,3,3,4
1525,3,1,2
44,3,3,4
1440,3,3,4
1887,3,4,4
1461,3,4,4
667,3,2,3
102,3,3,2
367,3,3,3
2408,3,1,2
686,3,2,2
516,3,4,4
2800,3,2,1
536,3,2,3
39,3,4,4
395,3,3,4
2538,3,4,4
912,3,3,4
1049,3,4,4
459,3,2,2
1419,3,2,1
731,3,2,2
2639,3,2,3
2768,3,3,3
3373,3,2,3
3331,3,2,3
2674,3,3,3
1769,3,3,2
1488,3,1,1
1263,3,3,3
2143,3,2,2
2624,3,3,2
1244,3,2,2
3159,3,1,3
2741,3,1,1
917,3,4,4
84,3,3,2
2904,3,4,3
1818,3,3,4
1273,3,1,1
340,3,4,2
1032,3,4,3
119,3,2,4
87,3,4,3
1599,3,4,4
49,3,2,4
1312,3,1,1
1411,3,3,4
1912,3,4,3
3299,3,2,2
1483,3,4,4
1132,3,4,3
957,3,2,2
580,3,2,2
2843,3,3,3
171,3,4,4
139,3,4,4
1481,3,4,2
3136,3,1,1
2288,3,3,4
3479,3,3,2
2899,3,3,2
1502,3,4,4
2415,3,2,2
2574,3,4,4
1861,3,2,3
58,3,4,3
2062,3,2,3
1129,3,4,4
345,3,3,3
1835,3,3,1
782,3,2,3
1050,3,3,2
66,3,1,3
2932,3,4,4
1536,3,2,2
3277,3,2,2
821,3,2,3
1827,3,2,3
653,3,2,2
69,3,3,4
2218,3,1,2
2401,3,4,4
13,3,3,4
1921,3,1,1
1288,3,2,3
2500,3,1,1
2537,3,4,4
3226,3,2,1
561,3,3,3
563,3,3,2
785,3,2,1
3259,3,1,1
1848,3,3,4
483,3,3,2
3155,3,1,1
225,3,1,1
1937,3,3,4
2687,3,4,3
798,3,1,1
850,3,4,2
1451,3,3,4
2184,3,4,4
1780,3,1,1
1585,3,4,3
2469,3,4,4
1518,3,2,2
1056,3,3,3
222,3,1,1
3407,3,4,3
2539,3,2,3
1588,3,4,3
186,3,3,2
1739,3,2,2
425,3,3,4
3186,3,2,4
3379,3,3,4
887,3,4,4
744,3,2,1
1450,3,4,3
3140,3,1,1
3357,3,1,1
353,3,4,4
1845,3,3,4
3413,3,2,3
2399,3,3,2
1292,3,2,3
696,3,3,2
1863,3,3,4
466,3,4,2
2281,3,3,3
3350,3,3,4
2028,3,4,3
94,3,3,4
2484,3,3,2
2868,3,2,2
1498,3,1,1
1473,3,4,4
2481,3,3,3
1547,3,4,4
2113,3,1,3
2770,3,4,4
1866,3,4,4
3330,3,4,3
2278,3,2,1
50,3,4,4
1913,3,4,3
149,3,2,2
1576,3,3,4
804,3,1,3
418,3,3,3
859,3,3,2
3305,3,1,1
57,3,3,4
2467,3,2,2
2733,3,4,4
3306,3,2,3
3058,3,2,4
2988,3,4,3
756,3,3,2
1947,3,4,3
2462,3,2,3
1332,3,4,4
1524,3,4,2
684,3,4,2
2740,3,4,4
1987,3,1,1
41,3,4,4
2763,3,4,3
1128,3,2,3
1199,3,4,2
1188,3,1,2
3422,3,2,2
718,3,4,2
706,3,3,4
2847,3,3,4
1753,3,2,2
1548,3,1,1
2229,3,2,2
1804,3,1,2
2261,3,1,1
1762,3,4,4
2194,3,4,4
2189,3,4,4
3067,3,3,3
266,3,2,1
3301,3,2,2
1681,3,2,3
2946,3,4,3
3358,3,3,4
3056,3,1,1
2247,3,3,4
1423,3,3,3
382,3,3,1
2450,3,1,2
2439,3,3,2
211,3,4,3
1290,3,4,4
707,3,3,3
2400,3,4,4
2383,3,4,4
2875,3,1,3
1894,3,2,2
1435,3,4,4
1316,3,2,2
2263,3,2,3
2020,3,3,4
1250,3,4,4
2707,3,1,1
92,3,1,3
2410,3,3,3
2076,3,4,4
553,3,3,2
2036,3,4,4
765,3,4,4
2760,3,2,1
769,3,4,4
970,3,2,3
2268,3,4,4
3049,3,1,2
2190,3,4,4
1825,3,3,4
3288,3,3,4
1194,3,4,4
2886,3,4,3
1643,3,4,4
79,3,3,2
3089,3,2,3
1698,3,4,4
3324,3,4,3
2364,3,2,4
3085,3,2,2
2312,3,1,1
3057,3,3,4
2046,3,4,4
3443,3,3,3
3431,3,4,4
1731,3,4,3
977,3,2,2
1195,3,2,3
404,3,4,4
2381,3,3,2
352,3,3,4
981,3,4,3
1813,3,3,2
1720,3,2,3
2280,3,2,1
2285,3,3,1
1826,3,4,3
1314,3,2,3
760,3,4,4
710,3,3,4
2454,3,4,4
1591,3,4,4
1026,3,3,1
1570,3,4,4
1957,3,4,4
1102,3,4,4
1884,3,4,3
636,3,3,4
127,3,4,3
3462,3,3,4
777,3,3,3
2432,3,3,2
488,3,3,1
844,3,4,4
1379,3,2,4
532,3,3,3
3269,3,2,2
2543,3,2,4
2217,3,3,3
3353,3,3,2
2105,3,2,4
1018,3,2,2
3098,3,1,3
3469,3,1,1
2339,3,4,3
2480,3,2,3
2880,3,4,4
3485,3,1,1
2694,3,1,1
333,3,4,3
2284,3,3,4
2544,3,3,3
1523,3,1,2
2837,3,4,3
1071,3,3,3
2616,3,4,4
1142,3,2,2
3411,3,4,4
2380,3,4,4
1986,3,3,2
1155,3,3,2
2361,3,3,4
500,3,4,3
2793,3,4,4
1300,3,3,4
1979,3,2,4
3006,3,2,3
376,3,1,1
2085,3,1,2
2422,3,2,2
1384,3,3,3
213,3,4,4
3352,3,4,2
258,3,2,1
2584,3,2,2
2966,3,2,2
2382,3,4,1
387,3,1,3
2558,3,1,3
661,3,3,3
921,3,4,4
904,3,1,1
2199,3,2,2
989,3,2,4
3100,3,2,3
2296,3,1,3
1837,3,3,4
2154,3,3,4
2071,3,4,3
1236,3,1,3
2137,3,1,1
819,3,2,2
145,3,4,3
570,3,3,3
3176,3,4,2
2844,3,3,3
1027,3,3,1
2172,3,1,4
916,3,1,3
3185,3,3,2
204,3,4,4
2528,3,3,4
3361,3,3,4
1302,3,4,4
2642,3,1,2
3400,3,1,1
635,3,3,1
1444,3,2,1
1636,3,2,3
2212,3,3,2
1429,3,3,1
767,3,2,2
2522,3,4,3
3244,3,1,1
3478,3,3,4
1361,3,3,2
1644,3,3,4
3316,3,1,2
3220,3,4,4
2370,3,1,2
806,3,2,2
1516,3,2,4
3382,3,4,4
1125,3,2,3
1029,3,3,3
1466,3,1,1
834,3,2,1
1883,3,1,2
1156,3,2,2
941,3,4,4
2279,3,4,3
20,3,2,3
3132,3,2,3
1554,3,4,4
3309,3,2,2
728,3,4,4
1696,3,4,4
1700,3,4,1
1616,3,3,4
3200,3,2,1
3254,3,3,2
2392,3,2,1
1405,3,4,2
2273,3,4,2
1527,3,4,3
3326,3,4,4
246,3,4,3
3117,3,4,4
1730,3,1,1
2702,3,4,4
2490,3,2,1
237,3,4,3
3339,3,3,1
1468,3,4,3
177,3,4,3
288,3,2,1
178,3,2,2
1956,3,1,1
1259,3,4,3
1931,3,1,1
2997,3,3,2
1118,3,2,2
654,3,2,2
907,3,4,1
291,3,1,1
3440,3,2,1
2031,3,2,2
47,3,3,4
1627,3,4,4
833,3,4,4
2855,3,1,1
2677,3,2,2
794,3,3,4
2903,3,1,1
315,3,4,2
2877,3,4,3
2297,3,2,4
1868,3,3,4
2815,3,4,4
2352,3,1,1
1869,3,1,1
1697,3,2,3
758,3,1,1
507,3,3,4
1806,3,4,4
2360,3,3,4
3211,3,1,2
2367,3,3,4
958,3,3,2
337,3,3,3
2489,3,4,4
1878,3,3,2
987,3,4,4
2127,3,2,2
2620,3,4,4
2007,3,2,4
2385,3,4,4
1855,3,2,2
2477,3,1,1
2686,3,4,4
539,3,4,1
136,3,4,3
2515,3,1,2
614,3,4,4
2789,3,1,1
74,3,1,1
1371,3,1,1
2466,3,2,1
1634,3,1,1
1356,3,3,3
2447,3,4,3
1509,3,1,2
1776,3,4,3
3030,3,3,2
3425,3,3,3
2811,3,2,2
3060,3,4,4
95,3,1,3
3126,3,3,4
2192,3,2,1
1561,3,4,4
1505,3,2,4
2008,3,3,2
2511,3,2,2
523,3,3,2
475,3,4,3
3295,3,4,4
840,3,3,3
1611,3,4,4
2210,3,4,4
80,3,4,4
1282,3,4,4
3368,3,2,3
2239,3,1,1
1688,3,3,2
2215,3,1,1
2955,3,4,4
1343,3,1,1
849,3,3,4
1664,3,4,3
1094,3,4,3
2227,3,3,2
1345,3,3,4
1597,3,4,4
154,3,2,1
2749,3,1,1
797,3,2,2
254,3,3,4
193,3,2,2
1695,3,2,3
289,3,4,3
2320,3,1,1
2366,3,2,2
133,3,2,1
2552,3,3,4
3178,3,2,4
33,3,3,4
3238,3,2,2
3394,3,2,3
2240,3,4,4
2179,3,4,3
329,3,3,3
823,3,3,4
2495,3,4,2
752,3,4,3
1738,3,2,2
452,3,2,1
1455,3,2,2
2627,3,3,4
2542,3,3,4
1790,3,2,2
2509,3,4,3
1061,3,3,1
642,3,3,2
1001,3,4,3
691,3,4,4
1103,3,4,4
1759,3,3,2
3328,3,2,2
615,3,2,3
3372,3,3,2
1402,3,4,3
1917,3,4,4
3127,3,2,3
2527,3,3,4
2557,3,1,4
1567,3,3,3
3149,3,1,2
3035,3,2,2
594,3,4,4
2100,3,2,2
148,3,2,3
3278,3,2,3
3032,3,3,4
873,3,2,3
1272,3,4,4
2750,3,4,4
1136,3,3,3
2772,3,2,2
2117,3,2,2
2266,3,4,4
2417,3,1,1
759,3,4,3
1537,3,4,4
3303,3,2,2
461,3,4,4
1254,3,4,3
429,3,3,2
2658,3,3,1
3228,3,4,4
1122,3,2,3
1171,3,4,3
2650,3,3,2
522,3,1,1
2461,3,3,2
2332,3,2,1
1864,3,4,3
230,3,4,4
3261,3,3,4
1618,3,1,1
201,3,3,4
3022,3,2,2
3018,3,2,1
1930,3,2,2
324,3,2,1
1363,3,3,2
2010,3,3,2
1239,3,3,1
1812,3,4,3
3421,3,4,4
3095,3,2,2
2736,3,2,2
1603,3,1,1
3366,3,2,2
2565,3,4,4
1396,4,4,4
1333,4,1,2
2012,4,2,2
2044,4,2,3
3199,4,4,4
2492,4,4,4
1925,4,3,2
2653,4,4,4
2017,4,3,4
2436,4,2,1
742,4,3,1
3084,4,3,3
234,4,4,4
2773,4,2,2
856,4,4,3
1,4,4,3
3008,4,3,3
534,4,4,4
2195,4,3,3
1705,4,2,2
2961,4,3,4
2878,4,1,1
1452,4,2,3
1758,4,3,1
3209,4,2,1
2027,4,4,3
1446,4,3,4
1232,4,4,4
2967,4,1,2
1087,4,1,1
2109,4,4,4
2451,4,1,1
2152,4,4,4
1445,4,3,3
3088,4,3,2
2502,4,2,2
2310,4,3,3
2428,4,4,4
2005,4,3,3
681,4,3,2
556,4,2,3
2013,4,4,4
151,4,4,4
2836,4,4,4
962,4,3,2
360,4,2,4
832,4,4,4
1165,4,4,3
357,4,4,4
3395,4,3,2
825,4,4,2
310,4,3,4
285,4,3,2
3119,4,2,2
1985,4,3,2
704,4,4,3
2098,4,3,2
2708,4,1,2
2079,4,1,2
1306,4,3,4
1342,4,2,3
1565,4,1,1
3253,4,1,3
253,4,1,1
1485,4,1,1
3488,4,1,1
89,4,4,4
173,4,4,4
2445,4,2,2
1210,4,4,4
1068,4,4,4
505,4,2,3
1549,4,4,3
217,4,4,2
2942,4,4,3
485,4,3,2
3157,4,4,4
1702,4,3,2
766,4,3,2
122,4,2,2
1038,4,2,2
1133,4,4,4
1341,4,1,1
76,4,4,3
3472,4,3,2
1453,4,2,3
2561,4,2,4
3455,4,3,1
2992,4,4,4
2778,4,2,3
1854,4,1,2
2072,4,4,3
1123,4,2,4
1308,4,2,4
2954,4,3,2
613,4,3,2
1143,4,2,3
318,4,4,3
1265,4,1,1
1028,4,4,4
2251,4,3,2
3118,4,4,4
2689,4,2,1
1110,4,3,4
1407,4,4,3
2330,4,1,1
2479,4,3,1
1331,4,4,4
1182,4,3,3
3363,4,3,1
1153,4,2,2
745,4,2,2
143,4,2,2
2761,4,4,4
576,4,3,4
2083,4,4,3
2695,4,4,4
3300,4,3,3
1633,4,1,2
564,4,3,2
831,4,2,2
796,4,3,3
933,4,2,2
1600,4,4,3
550,4,2,1
2308,4,4,4
359,4,4,3
142,4,4,3
1602,4,1,3
3163,4,3,1
1740,4,4,3
3307,4,2,4
2088,4,3,3
1668,4,3,3
928,4,4,2
983,4,4,4
1781,4,1,1
1953,4,3,3
2980,4,3,2
2379,4,4,4
1329,4,4,4
2747,4,4,4
100,4,1,1
398,4,3,1
990,4,3,2
900,4,1,1
328,4,4,2
2055,4,4,4
1545,4,3,2
1315,4,4,2
3356,4,2,2
381,4,4,4
1867,4,4,3
464,4,3,2
1297,4,3,2
2318,4,4,3
2057,4,3,4
3130,4,2,3
1115,4,4,4
1449,4,3,4
2421,4,3,1
218,4,1,1
1991,4,4,4
1802,4,4,4
985,4,2,1
3007,4,3,4
2396,4,2,2
2796,4,3,3
1886,4,2,2
3251,4,4,4
1584,4,1,1
3494,4,2,2
2434,4,4,4
1484,4,2,1
1367,4,3,2
768,4,4,4
1745,4,4,3
820,4,4,4
721,4,3,4
2864,4,1,3
640,4,4,4
1098,4,4,3
3386,4,2,2
1751,4,2,1
858,4,3,2
3074,4,3,4
1506,4,4,4
1144,4,4,4
260,4,4,3
680,4,1,3
926,4,2,1
2839,4,4,2
465,4,3,3
2535,4,3,3
1650,4,2,2
1577,4,3,3
2130,4,4,4
313,4,3,3
2377,4,2,4
3275,4,1,1
2831,4,2,3
52,4,3,4
1353,4,4,3
1721,4,3,3
3232,4,4,4
3217,4,4,4
886,4,3,3
126,4,1,1
2213,4,2,4
1456,4,1,1
548,4,3,4
3344,4,3,3
2935,4,3,2
2149,4,4,3
1240,4,1,3
3203,4,1,1
1767,4,2,3
327,4,2,3
3080,4,4,4
1713,4,3,3
344,4,4,4
1086,4,4,4
1792,4,4,4
1454,4,1,1
1965,4,2,2
216,4,2,2
1970,4,4,3
2632,4,2,3
64,4,2,1
902,4,4,4
934,4,4,4
1963,4,1,2
1438,4,4,4
1428,4,4,4
533,4,3,4
3222,4,1,1
478,4,4,3
364,4,3,3
3257,4,1,2
3338,4,2,2
2851,4,3,3
132,4,3,2
1357,4,4,4
3402,4,4,4
2709,4,2,2
538,4,3,4
185,4,4,3
1822,4,2,1
81,4,1,3
2840,4,1,1
2823,4,1,1
2300,4,2,2
2661,4,2,3
932,4,3,2
2389,4,1,1
2458,4,4,4
2029,4,4,4
1638,4,2,3
1748,4,4,4
529,4,3,2
1492,4,3,4
1564,4,1,1
70,4,2,2
3286,4,4,4
1327,4,2,3
2817,4,1,1
224,4,2,2
515,4,4,4
1471,4,2,4
30,4,1,2
2427,4,3,4
789,4,4,3
2976,4,1,3
520,4,2,1
2075,4,2,2
2923,4,4,3
652,4,4,2
739,4,4,4
1773,4,4,4
24,4,3,3
660,4,2,3
955,4,4,1
1723,4,2,3
634,4,4,4
2732,4,4,2
1301,4,4,2
1860,4,2,3
2822,4,4,4
1895,4,2,1
625,4,3,2
2816,4,4,4
3467,4,3,4
3169,4,3,4
1623,4,3,3
3065,4,2,1
2060,4,4,4
2254,4,2,2
3225,4,3,4
276,4,3,1
559,4,2,1
371,4,2,4
1691,4,4,3
2621,4,4,3
3298,4,2,4
3427,4,4,3
1346,4,4,4
2122,4,1,1
3393,4,2,2
974,4,3,3
1663,4,3,3
338,4,3,2
1074,4,4,3
966,4,2,1
2556,4,1,1
3239,4,3,1
2780,4,2,3
1760,4,3,3
2641,4,3,2
656,4,4,3
220,4,3,4
973,4,4,4
1993,4,4,3
2879,4,4,4
1145,4,1,1
3452,4,1,1
1413,4,3,3
995,4,3,4
3473,4,1,1
290,4,2,3
239,4,4,4
1408,4,1,2
3031,4,2,3
951,4,3,1
5,4,3,2
694,4,2,2
689,4,1,1
1648,4,2,2
3077,4,3,3
3191,4,4,4
2729,4,3,4
1166,4,3,2
2808,4,2,4
918,4,2,3
2850,4,4,4
3202,4,4,3
2698,4,3,3
2949,4,1,1
3231,4,3,3
2081,4,2,2
2136,4,2,3
3480,4,2,1
1903,4,2,3
2103,4,4,4
1515,4,3,2
851,4,1,3
1893,4,4,3
115,4,4,3
1617,4,2,3
2204,4,4,3
1885,4,4,4
903,4,4,3
2633,4,4,3
405,4,3,3
1159,4,2,2
1770,4,3,4
3042,4,3,1
200,4,4,4
2786,4,3,2
2023,4,4,4
3487,4,1,2
3256,4,4,4
1179,4,1,4
2038,4,1,3
1610,4,2,3
969,4,2,2
884,4,2,2
1326,4,3,3
1910,4,1,1
1703,4,2,1
1684,4,3,1
1873,4,2,2
1012,4,2,2
498,4,3,4
1687,4,2,2
1167,4,2,2
2376,4,2,2
3054,4,2,3
377,4,4,4
2548,4,4,4
2947,4,3,4
281,4,2,2
877,4,4,4
826,4,1,1
1460,4,4,4
2990,4,3,2
309,4,2,2
189,4,2,4
2108,4,1,2
172,4,3,2
908,4,4,3
2498,4,4,3
637,4,4,4
410,4,3,2
589,4,1,1
2762,4,4,4
1091,4,4,4
1586,4,3,4
407,4,4,3
1763,4,4,3
3158,4,3,2
697,4,2,3
2464,4,4,4
2319,4,2,4
1470,4,4,3
116,4,4,2
1217,4,4,3
108,4,1,2
1996,4,3,2
3151,4,4,3
117,4,4,4
876,4,1,1
312,4,3,4
906,4,4,4
235,4,4,4
1824,4,4,3
3133,4,3,2
2443,4,3,3
695,4,4,4
363,4,3,4
2282,4,3,3
1701,4,2,1
792,4,3,3
937,4,2,2
1184,4,3,4
447,4,3,2
2719,4,1,1
3315,4,3,4
3013,4,4,3
140,4,3,2
668,4,3,4
56,4,4,1
2814,4,1,3
350,4,3,1
854,4,2,2
2607,4,4,2
1538,4,2,1
3241,4,3,3
1035,4,1,1
3183,4,4,2
799,4,4,4
2386,4,4,4
1404,4,4,4
2922,4,1,3
2791,4,3,4
611,4,4,3
1174,4,1,2
1487,4,1,1
1722,4,4,4
25,4,4,4
3086,4,4,4
843,4,3,2
2378,4,2,2
2425,4,4,3
687,4,3,1
1906,4,3,3
639,4,3,2
2848,4,1,3
2846,4,1,1
362,4,2,1
2779,4,2,3
1317,4,4,4
2905,4,2,1
793,4,4,4
1084,4,4,4
21,4,2,4
511,4,1,1
442,4,4,2
2573,4,2,2
17,4,2,2
1079,4,2,2
297,4,1,3
3335,4,4,3
3125,4,2,1
3223,4,4,4
1530,4,4,4
717,4,3,2
1233,4,4,4
3210,4,2,2
320,4,4,4
1872,4,3,2
2958,4,3,2
1425,4,1,3
1120,4,3,1
1787,4,3,4
2120,4,4,4
2414,4,2,2
730,4,4,3
885,4,1,1
99,4,4,4
2680,4,4,3
3082,4,2,1
1504,4,2,1
2054,4,1,3
1318,4,4,3
1972,4,2,2
1507,4,1,3
1207,4,4,1
1242,4,1,1
1252,4,3,4
3112,4,4,3
3290,4,4,4
1399,4,2,2
723,4,4,3
2053,4,3,4
2622,4,3,3
1934,4,3,2
2746,4,1,2
1594,4,2,2
2794,4,3,4
110,4,3,2
3337,4,4,4
2536,4,3,4
729,4,4,4
2325,4,3,3
2276,4,2,2
470,4,3,2
1185,4,1,1
1519,4,4,3
675,4,1,1
262,4,2,2
3154,4,3,2
1923,4,1,3
1328,4,4,4
1815,4,2,2
3468,4,3,1
3470,4,4,4
3495,4,3,3
368,4,4,3
673,4,2,2
167,4,4,4
2838,4,1,1
835,4,4,3
3123,4,1,1
37,4,4,4
3464,4,1,1
1795,4,3,3
1829,4,1,1
1589,4,3,4
53,4,2,3
2106,4,1,3
1830,4,3,4
2365,4,2,2
2531,4,4,3
1289,4,3,3
2805,4,2,4
790,4,4,4
346,4,4,4
2611,4,3,2
2470,4,2,2
2306,4,2,2
669,4,4,4
1095,4,2,4
2908,4,3,2
3181,4,3,4
2111,4,4,4
134,4,3,3
62,4,3,4
513,4,2,4
2032,4,1,1
719,4,3,3
2236,4,1,2
1378,4,3,4
1690,4,4,2
2999,4,4,4
1355,4,2,2
2647,4,3,3
3043,4,2,2
3131,4,4,2
3255,4,3,4
1926,4,2,4
1358,4,4,3
1990,4,4,3
1495,4,1,1
2693,4,3,2
3451,4,4,4
3152,4,3,2
1833,4,2,2
2969,4,3,3
2191,4,2,2
631,4,3,1
3355,4,2,2
440,4,4,2
2555,4,2,4
1121,4,1,1
409,4,2,2
2566,4,4,3
374,4,3,4
2369,4,4,4
925,4,4,4
2102,4,3,3
187,4,4,3
2710,4,1,1
1478,4,4,3
2345,4,2,4
165,4,4,4
2672,4,4,2
3445,4,3,3
109,4,4,4
3262,4,4,4
1794,4,2,1
1134,4,3,1
2929,4,4,4
716,4,3,3
2859,4,4,4
3293,4,2,3
2994,4,1,1
2728,4,4,3
2987,4,2,3
3282,4,2,2
236,4,2,2
3139,4,1,1
3142,4,1,1
419,4,3,4
1969,4,3,2
1764,4,1,1
2659,4,4,4
2341,4,3,4
2033,4,3,4
2505,4,4,3
593,4,3,3
1140,4,4,4
945,4,3,3
2676,4,3,3
2860,4,4,4
2608,4,4,1
2114,4,3,3
817,4,2,2
517,4,3,2
2862,4,2,2
1950,4,4,3
3129,4,2,3
2070,4,4,4
2241,4,1,1
2884,4,3,3
2182,4,4,4
91,4,4,4
3016,4,2,4
270,4,3,4
2559,4,3,2
2452,4,1,1
1081,4,2,3
3446,4,1,1
1052,4,3,3
2623,4,2,3
2892,4,2,3
2022,4,2,3
2914,4,4,4
2995,4,2,3
772,4,2,3
174,4,4,4
2937,4,3,4
3486,4,1,3
481,4,1,1
693,4,2,3
1905,4,4,4
2448,4,3,2
1221,4,4,1
2295,4,2,3
705,4,2,1
3283,4,4,4
2713,4,1,1
1203,4,1,1
1219,4,1,2
2042,4,1,2
1532,4,3,2
2335,4,3,3
1941,4,1,3
199,4,2,2
2340,4,4,4
3193,4,3,2
979,4,2,3
2993,4,3,3
2412,4,3,3
1216,4,1,2
256,4,2,1
1608,4,1,1
2465,4,4,4
215,4,4,3
1351,4,3,4
2731,4,1,1
322,4,4,4
2712,4,3,3
1500,4,2,3
2128,4,1,1
2752,4,1,3
2329,4,2,2
2082,4,4,3
3197,4,2,2
1073,4,3,2
2603,4,3,4
1070,4,1,3
1624,4,3,1
2714,4,2,1
2372,4,4,3
2165,4,4,4
2304,4,3,3
1944,4,3,1
2775,4,3,2
2826,4,4,4
1467,4,3,1
2112,4,2,3
1942,4,4,4
2009,4,3,2
2092,4,2,3
3044,4,4,4
1253,4,2,2
736,4,3,4
633,4,4,3
1319,4,1,1
953,4,4,4
1158,4,3,4
3105,4,3,4
1299,4,4,4
124,4,3,3
1511,4,4,3
1014,4,3,3
2751,4,4,3
2260,4,3,4
2977,4,2,2
2865,4,4,4
476,4,1,1
188,4,3,2
245,4,2,2
891,4,2,2
1291,4,4,4
3258,4,4,4
2471,4,2,2
316,4,2,2
433,4,4,3
408,4,2,3
293,4,2,2
3374,4,1,4
1116,4,1,3
298,4,4,4
3156,4,1,1
545,4,3,4
2683,4,3,4
182,4,4,4
351,4,1,1
233,4,3,2
1000,4,4,4
649,4,2,1
3475,4,2,2
703,4,2,4
2358,4,4,3
1999,4,3,2
1274,4,4,3
1480,4,4,2
2476,4,4,4
2841,4,3,4
3448,4,2,2
2575,4,2,2
1190,4,3,2
725,4,4,4
1393,4,1,1
2520,4,2,2
2168,4,1,2
2597,4,3,3
1148,4,1,1
1105,4,1,2
776,4,4,2
156,4,2,3
1578,4,3,4
1994,4,3,3
2737,4,4,4
3420,4,4,4
203,4,2,1
3227,4,3,3
296,4,1,2
3110,4,1,1
605,4,4,4
3419,4,1,2
1197,4,1,1
1706,4,4,4
1522,4,3,3
1033,4,4,4
2730,4,4,1
3096,4,1,2
307,4,4,3
3012,4,3,4
1540,4,3,3
3048,4,4,4
144,4,4,4
180,4,3,3
321,4,2,2
1062,4,3,4
1104,4,3,2
2426,4,2,3
2833,4,3,2
2063,4,2,1
2374,4,4,4
106,4,1,2
2523,4,4,4
1264,4,2,2
824,4,2,3
2418,4,4,4
786,4,3,3
577,4,4,4
3147,4,3,1
621,4,4,4
2585,4,4,3
1625,4,4,4
2651,4,4,4
1054,4,4,3
1304,4,3,2
1707,4,4,3
2606,4,4,4
2705,4,4,4
1571,4,1,4
1983,4,1,3
543,4,2,2
993,4,4,2
1108,4,1,1
829,4,3,4
1313,4,3,4
2530,4,3,2
1161,4,2,2
155,4,1,1
40,4,3,4
2550,4,2,3
2125,4,3,1
3216,4,1,1
1798,4,4,3
1088,4,3,3
1655,4,1,1
460,4,2,2
86,4,4,2
1077,4,3,1
1359,4,1,1
2856,4,4,4
279,4,3,2
3332,4,3,2
1390,4,4,3
572,4,3,2
946,4,4,4
3312,4,1,3
2050,4,2,2
1558,4,4,4
1607,4,2,1
1303,4,3,4
1914,4,4,2
975,4,4,3
1918,4,2,3
964,4,2,2
2301,4,3,4
101,4,2,2
2183,4,4,4
195,4,3,4
2485,4,3,1
1008,4,2,2
2748,4,2,2
1076,4,4,4
3433,4,4,4
2391,4,4,4
3375,4,4,4
683,4,2,1
1137,4,4,4
2618,4,4,3
1810,4,1,1
1709,4,2,2
1629,4,4,4
